id,song,artist,danceability,energy,key,loudness,mode,speechiness,acousticness,instrumentalness,liveness,tempo,duration_ms,time_signature
02MWAaffLxlfxAUY7c5dvx,Heat Waves,Glass Animals,0.761,0.525,11,-6.9,1,0.0944,0.44,6.70E-06,0.0921,80.87,238805,4
5PjdY0CKGZdEuoNab3yDmX,STAY (with Justin Bieber),The Kid LAROI,0.591,0.764,1,-5.484,1,0.0483,0.0383,0,0.103,169.928,141806,4
3IAfUEeaXRX9s9UdKOJrFI,Envolver,Anitta,0.812,0.736,4,-5.421,0,0.0833,0.152,0.00254,0.0914,91.993,193806,4
1HhNoOuqm1a5MXYEgAFl8o,Enemy (with JID) - from the series Arcane League of Legends,Imagine Dragons,0.728,0.783,11,-4.424,0,0.266,0.237,0,0.434,77.011,173381,4
4fouWK6XVHhzl78KzQ1UjL,abcdefu,GAYLE,0.695,0.54,4,-5.692,1,0.0493,0.299,0,0.367,121.932,168602,4
7rglLriMNBPAyuJOMGwi39,"Cold Heart (feat. Dua Lipa, PNAU Remix)",Elton John,0.795,0.8,1,-6.32,1,0.0309,0.0354,7.25E-05,0.0915,116.032,202735,4
1ri9ZUkBJVFUdgwzCnfcYs,MAMIII (KAROL G),Becky G,0.843,0.7,4,-3.563,0,0.0803,0.0934,0,0.14,93.991,226088,4
5Z9KJZvQzH6PFmb8SNkxuk,INDUSTRY BABY (feat. Jack Harlow),Lil Nas X,0.741,0.691,10,-7.395,0,0.0672,0.0221,0,0.0476,150.087,212353,4
6mmPpaltUZK7xjNlBPQQ0p,Desesperados (Chencho Corleone),Rauw Alejandro,0.869,0.694,1,-3.35,0,0.0783,0.356,0.00125,0.0878,90.02,224997,4
50nfwKoDiSYg8zOCREWAm5,Shivers,Ed Sheeran,0.788,0.859,2,-2.724,1,0.0856,0.281,0,0.0424,141.02,207853,4
6Uj1ctrBOjOas8xZXGqKk4,Woman,Doja Cat,0.824,0.764,5,-4.175,0,0.0854,0.0888,0.00294,0.117,107.998,172627,4
46IZ0fSY2mpAiktS3KOqds,Easy On Me,Adele,0.604,0.366,5,-7.519,1,0.0282,0.578,0,0.133,141.981,224695,4
6I3mqTwhRpn34SLVafSH7G,Ghost,Justin Bieber,0.601,0.741,2,-5.569,1,0.0478,0.185,2.91E-05,0.415,153.96,153190,4
0QBzMgT7NIeoCYy3sJCof1,Bam Bam (feat. Ed Sheeran),Camila Cabello,0.756,0.697,8,-6.377,1,0.0401,0.182,0,0.333,94.996,206071,4
58HvfVOeJY7lUuCqF0m3ly,MIDDLE OF THE NIGHT,Elley Duhé,0.41,0.611,4,-8.271,0,0.0467,0.0228,0,0.116,185.727,184448,3
1O2pcBJGej0pmH2Y9XZMs6,Una Noche en Medellín,Cris Mj,0.87,0.548,10,-5.253,0,0.077,0.0924,4.60E-05,0.0534,96.018,153750,4
0e8nrvls4Qqv5Rfa2UhqmO,THATS WHAT I WANT,Lil Nas X,0.737,0.846,1,-4.51,0,0.22,0.00614,0,0.0486,87.981,143901,4
3uUuGVFu1V7jTQL60S1r8z,Where Are You Now (Calum Scott),Lost Frequencies,0.671,0.636,6,-8.117,0,0.103,0.515,0.000411,0.172,120.966,148197,4
59CfNbkERJ3NoTXDvoURjj,Boyfriend,Dove Cameron,0.345,0.612,7,-6.543,0,0.0608,0.232,0,0.194,179.773,153000,3
3rmo8F54jFF8OgYsqTxm5d,Bad Habits,Ed Sheeran,0.807,0.893,11,-3.745,0,0.0347,0.0451,2.79E-05,0.366,126.011,230747,4
1SOClUWhOi8vHZYMz3GluK,Infinity,Jaymes Young,0.671,0.673,11,-6.941,0,0.0444,0.148,5.29E-05,0.304,121.963,237720,4
2B4GHvToeLTOBB4QLzW3Ni,Pepas,Farruko,0.762,0.766,7,-3.955,1,0.0343,0.00776,6.98E-05,0.128,130.001,287120,4
18asYwWugKjjsihZ0YvRxO,The Motto (feat. Ava Max),Tiësto,0.754,0.763,7,-4.627,0,0.0435,0.0301,2.23E-05,0.0901,117.953,164819,4
4ZtFanR9U6ndgddUvNcjcG,good 4 u,Olivia Rodrigo,0.563,0.664,9,-5.044,1,0.154,0.335,0,0.0849,166.928,178147,4
46HNZY1i7O6jwTA7Slo2PI,My Universe (feat. BTS),Coldplay,0.573,0.711,1,-6.268,0,0.0406,0.0114,0,0.328,105.006,226198,4
4SqWKzw0CbA05TGszDgMlc,I Love You So,The Walters,0.575,0.648,10,-4.891,1,0.0358,0.583,0,0.115,75.977,160240,4
0VjIjW4GlUZAMYd2vXMi3b,Blinding Lights,The Weeknd,0.514,0.73,1,-5.934,1,0.0598,0.00146,9.54E-05,0.0897,171.005,200040,4
4gzsuuZypVbxs0Af1LSZyB,Lo Siento BB:/ (with Bad Bunny & Julieta Venegas),Tainy,0.639,0.703,4,-6.33,0,0.0794,0.0889,1.78E-06,0.0865,169.888,207301,4
7mFj0LlWtEJaEigguaWqYh,Sweetest Pie (feat. Dua Lipa),Megan Thee Stallion,0.814,0.628,7,-7.178,1,0.221,0.167,0,0.101,123.977,201334,4
2WL6GQzPuK9Nrpy9XwNEbz,Something In The Way,Nirvana,0.426,0.225,8,-12.422,1,0.0291,0.823,0.367,0.11,104.506,232204,4
7jtQIBanIiJOMS6RyCx6jZ,Another Love,Tom Odell,0.442,0.538,4,-8.55,0,0.0451,0.717,2.95E-05,0.09,122.758,244360,4
20on25jryn53hWghthWWW3,Do It To It (feat. Cherish),ACRAZE,0.854,0.806,11,-8.262,0,0.0886,0.0209,0.0542,0.0703,124.927,157890,4
2QjOHCTQ1Jl3zawyYOpxh6,Sweater Weather,The Neighbourhood,0.612,0.807,10,-2.81,1,0.0336,0.0495,0.0177,0.101,124.053,240400,4
2JPLbjOn0wPCngEot2STUS,Yonaguni,Bad Bunny,0.644,0.648,1,-4.601,1,0.118,0.276,0,0.135,179.951,206710,4
3Vi5XqYrmQgOYBajMWSvCi,Need to Know,Doja Cat,0.664,0.609,1,-6.509,1,0.0707,0.304,0,0.0926,130.041,210560,4
2eAvDnpXP5W0cVtiI0PUxV,Dandelions,Ruth B.,0.609,0.692,1,-2.958,1,0.0259,0.0157,0,0.0864,116.959,233720,3
52xJxFP6TqMuO4Yt0eOkMz,"We Don't Talk About Bruno (feat. La Gaita, Mauro Castillo, Adassa, Rhenzy Feliz, Diane Guerrero, Stephanie Beatriz, Encanto)",Carolina Gaitán ,0.577,0.45,0,-8.516,0,0.0834,0.357,0,0.111,205.863,216120,4
3DarAbFujv6eYNliUTyqtz,Kiss Me More (feat. SZA),Doja Cat,0.764,0.705,8,-3.463,1,0.0284,0.259,8.92E-05,0.12,110.97,208667,4
7BDHDiidJ8WV349p3HTxTV,MANIAC,Stray Kids,0.744,0.8,1,-2.63,1,0.266,0.181,0,0.0746,89.925,182758,4
3AVXwaOGCEL8cmBecfcsFJ,Light Switch,Charlie Puth,0.69,0.626,6,-5.693,1,0.306,0.105,0.000335,0.0881,184.009,185681,4
5nujrmhLynf4yMoMtj8AQF,Levitating (feat. DaBaby),Dua Lipa,0.702,0.825,6,-3.787,0,0.0601,0.00883,0,0.0674,102.977,203064,4
5CZ40GBx1sQ9agT82CLQCT,traitor,Olivia Rodrigo,0.38,0.339,3,-7.885,1,0.0338,0.691,0,0.12,100.607,229227,4
1oFAF1hdPOickyHgbuRjyX,Save Your Tears Remix (with Ariana Grande),The Weeknd,0.65,0.825,0,-4.645,1,0.0325,0.0215,2.44E-05,0.0936,118.091,191014,4
70AYiGbc4mWZGEqiipBBDb,CANDY,ROSALÍA,0.638,0.49,4,-5.726,0,0.226,0.885,0.0116,0.156,179.905,193480,4
531KGXtBroSrOX9LVmiIgc,Starlight,Dave,0.954,0.367,4,-9.551,0,0.288,0.341,5.48E-06,0.0979,124.026,211935,4
2K7xn816oNHJZ0aVqdQsha,Softcore,The Neighbourhood,0.575,0.568,9,-5.509,0,0.03,0.0484,0.000417,0.286,93.986,206280,4
1SC5rEoYDGUK4NfG82494W,MONTERO,Lil Nas X,0.593,0.503,8,-6.725,0,0.22,0.293,0,0.405,178.781,137704,4
5zNxUkUW9WiV5oyg6gh2wB,DANÇARINA (feat. Mc Pedrinho),PEDRO SAMPAIO,0.778,0.571,9,-4.776,0,0.0788,0.0423,0,0.0964,134.999,110222,4
7lQ8MOhq6IN2w8EYcFNSUk,Without Me,Eminem,0.908,0.669,7,-2.827,1,0.0738,0.00286,0,0.237,112.238,290320,4
6lX6l7OuA3qrnIRfdsr0dw,"Medallo (feat. Justin Quiles, Lenny Tavárez)",Blessd,0.787,0.7,4,-4.598,0,0.0768,0.568,0.00051,0.663,90.02,233453,4
1mWdTewIgB3gtBM3TOSFhB,Butter,BTS,0.759,0.459,8,-5.187,1,0.0948,0.00323,0,0.0906,109.997,164442,4
1ZdhOMWyFR8Iv9eylMGYg2,Mount Everest,Labrinth,0.494,0.428,0,-7.239,0,0.205,0.236,0.0698,0.0816,87.724,157497,4
2rDZhKnPaPG054ExZ6nXUS,Jordan,Ryan Castro,0.796,0.68,10,-5.555,0,0.37,0.0575,0.000683,0.103,179.923,176143,4
5QO79kh1waicV47BqGRL3g,Save Your Tears,The Weeknd,0.68,0.826,0,-5.487,1,0.0309,0.0212,1.24E-05,0.543,118.051,215627,4
5wANPM4fQCJwkGd4rN57mH,drivers license,Olivia Rodrigo,0.561,0.431,10,-8.81,1,0.0578,0.768,1.42E-05,0.106,143.875,242013,4
6Y46tOTRhkBamosyuWa6YX,LA FAMA (with The Weeknd),ROSALÍA,0.766,0.295,0,-7.893,0,0.0464,0.947,4.44E-05,0.119,136.016,188107,4
58ge6dfP91o9oXMzq3XkIS,505,Arctic Monkeys,0.52,0.852,0,-5.866,1,0.0543,0.00237,5.79E-05,0.0733,140.267,253587,4
0Bv7O6fmZk3GrNQFYJaXPn,"Cayó La Noche (feat. Quevedo, Juseph, Cruz Cafuné, Abhir Hathi, Bejo, EL IMA) [Remix]",La Pantera,0.672,0.745,5,-5.269,0,0.3,0.438,9.29E-06,0.0699,173.974,413111,4
4MzXwWMhyBbmu6hOcLVD49,DÁKITI (feat. Jhay Cortez),Bad Bunny,0.731,0.573,4,-10.059,0,0.0544,0.401,5.22E-05,0.113,109.928,205090,4
6ylDpki1VpIsc525KC1ojF,Tacones Rojos,Sebastian Yatra,0.746,0.844,11,-3.499,0,0.0359,0.062,0,0.149,123.014,189333,4
3uwnnTQcHM1rDqSfA4gQNz,Cool for the Summer,Demi Lovato,0.583,0.61,5,-5.639,0,0.0382,0.00425,0.000105,0.14,114.06,214740,4
5TMLavqGRKNxgzMBrVpC9R,Mon Amour (feat. Aitana) [Remix],zzoilo,0.748,0.761,2,-6.621,1,0.102,0.122,6.56E-06,0.0984,116.041,179940,4
0HqZX76SFLDz2aW8aiqi7G,Bones,Imagine Dragons,0.773,0.742,5,-3.678,0,0.046,0.0206,0,0.0754,114.071,165265,4
5gflgO9EPbIBf16n5TKnQS,Yo Voy (feat. Daddy Yankee),Zion & Lennox,0.808,0.697,10,-5.899,1,0.241,0.041,0,0.0546,95.06,232020,4
72jYQj3RgTR1DFLfibD71B,ARASAN DA,UZI,0.742,0.832,10,-6.812,1,0.156,0.425,0.242,0.108,105.978,191710,4
4RVwu0g32PAqgUiJoXsdF8,Happier Than Ever,Billie Eilish,0.332,0.225,0,-8.697,1,0.0348,0.767,0.00349,0.128,81.055,298899,3
0IuVhCflrQPMGRrOyoY5RW,she's all i wanna be,Tate McRae,0.614,0.644,2,-5.372,0,0.0426,0.0134,7.07E-06,0.117,160.036,206772,4
3XOalgusokruzA5ZBA2Qcb,"pushin P (feat.  Future, Young Thug)",Gunna,0.773,0.422,1,-4.572,0,0.187,0.00783,0.00693,0.129,77.502,136267,1
3Wrjm47oTz2sjIgck11l5e,Beggin',Måneskin,0.714,0.8,11,-4.808,0,0.0504,0.127,0,0.359,134.002,211560,4
2gQPv5jvVPqU2a9HhMNO1v,Toxic,BoyWithUke,0.594,0.612,8,-6.627,0,0.363,0.835,0,0.461,179.629,168020,4
2Xr1dTzJee307rmrkt8c0g,love nwantiti,CKay,0.727,0.739,8,-3.805,1,0.0411,0.365,0.00137,0.161,93.005,145800,4
1Al4Z4K76RCKj31mExavs7,maybe (feat. Bring Me The Horizon),Machine Gun Kelly,0.522,0.922,5,-4.805,0,0.0616,0.000745,0,0.0976,176.105,170134,4
6UelLqGlWMcVH1E5c4H7lY,Watermelon Sugar,Harry Styles,0.548,0.816,0,-4.209,1,0.0465,0.122,0,0.335,95.39,174000,4
6Jrdb6CFOJEGaHjaa6c4WR,IDGAF (with blackbear),BoyWithUke,0.783,0.75,5,-5.762,1,0.078,0.426,0,0.241,97.953,140665,4
74WROFXsox6wkeUrEK2DS6,Chale,Eden Muñoz,0.551,0.436,8,-8.029,1,0.0428,0.395,0,0.0719,188.651,170745,3
3GZD6HmiNUhxXYf8Gch723,Lost,Frank Ocean,0.913,0.603,8,-4.892,1,0.226,0.0272,0.000503,0.167,123.061,234093,4
3i6sCTU7ENlnHpHvrHUitW,Sometimes,Juice WRLD,0.674,0.58,8,-4.866,1,0.0311,0.0609,0,0.159,121.987,259672,4
2hHeGD57S0BcopfVcmehdl,Hati-Hati di Jalan,Tulus,0.643,0.436,6,-11.322,1,0.0357,0.702,0.0889,0.115,71.969,242000,4
3o9kpgkIcffx0iSwxhuNI2,Numb Little Bug,Em Beihold,0.742,0.527,8,-6.892,0,0.0769,0.327,0,0.25,84.974,169238,4
3yfqSUWxFvZELEM4PmlwIR,The Real Slim Shady,Eminem,0.949,0.661,5,-4.244,0,0.0572,0.0302,0,0.0454,104.504,284200,4
4r9jkMEnArtWGH2rL2FZl0,A Tu Merced,Bad Bunny,0.86,0.791,0,-4.784,1,0.0568,0.169,0.000106,0.106,92.023,175918,4
2FYGZDfsAnNsrm1gVbyKnG,SAOKO,ROSALÍA,0.827,0.768,0,-5.702,1,0.265,0.79,2.45E-05,0.497,99.988,137533,4
2vmfvSoZBFAt9hhRoEByLi,Volví (feat. Bad Bunny),Aventura,0.725,0.86,1,-3.726,1,0.182,0.422,0.000284,0.0674,175.896,230125,4
00Blm7zeNqgYLPtW6zg8cj,One Right Now (with The Weeknd),Post Malone,0.687,0.781,1,-4.806,1,0.053,0.0361,0,0.0755,97.014,193507,4
3PfIrDoz19wz7qK7tYeu62,Don't Start Now,Dua Lipa,0.793,0.793,11,-4.521,0,0.083,0.0123,0,0.0951,123.95,183290,4
6HU7h9RYOaPRFeh0R3UeAr,deja vu,Olivia Rodrigo,0.442,0.612,2,-7.222,1,0.112,0.584,5.70E-06,0.37,180.917,215507,4
3rdAz1fbUfZxYgaCviYhRo,Todo De Ti,Rauw Alejandro,0.78,0.719,3,-3.613,0,0.0506,0.302,0.000196,0.0931,127.962,199604,4
4iJyoBOLtHqaGxP12qzhQI,Peaches (feat. Daniel Caesar & Giveon),Justin Bieber,0.677,0.696,0,-6.181,1,0.119,0.321,0,0.42,90.03,198082,4
3Kkjo3cT83cw09VJyrLNwX,Oh My God,Adele,0.534,0.725,1,-3.906,1,0.046,0.091,0,0.0264,88.098,225149,4
0oA9wBGDY4uyILLg4GymWP,Tom's Diner (with Giant Rooks),AnnenMayKantereit,0.68,0.428,6,-8.107,0,0.135,0.376,0.000344,0.355,98.222,269333,4
1Y5Jvi3eLi4Chwqch9GMem,Super Gremlin,Kodak Black,0.825,0.414,2,-6.634,1,0.144,0.00265,0,0.357,72.993,200548,4
0pqnGHJpmpxLKifKRmU6WP,Believer,Imagine Dragons,0.776,0.78,10,-4.374,0,0.128,0.0622,0,0.081,124.949,204347,4
3yMC1KsTwh0ceXdIe4QQAQ,Fingers Crossed,Lauren Spencer Smith,0.56,0.473,5,-7.23,1,0.0533,0.618,0,0.31,109.414,175345,4
0RiRZpuVRbi7oqRdSMwhQY,Sunflower - Spider-Man: Into the Spider-Verse (with Swae Lee),Post Malone,0.755,0.522,2,-4.368,1,0.0575,0.533,0,0.0685,89.96,157560,4
0sTlGEld0h8kIPZaKDYUf4,Notion,The Rare Occasions,0.309,0.883,9,-3.825,1,0.0808,0.0673,0.00111,0.0849,159.488,195121,4
37y7iDayfwm3WXn5BiAoRk,Dark Red,Steve Lacy,0.603,0.783,6,-4.023,1,0.062,0.449,7.96E-06,0.119,172.041,173104,4
2gpWyfu7eZ01zzncHpxOtA,Moth To A Flame (with The Weeknd),Swedish House Mafia,0.542,0.659,8,-7.289,1,0.0389,0.00279,0,0.105,120.122,234000,4
5vUnjhBzRJJIAOJPde6zDx,TO THE MOON (with Sam Tompkins),Jnr Choi,0.745,0.65,2,-11.814,1,0.346,0.0451,0.00758,0.111,144.047,152137,4
4srcMdbm2qzVG98tJajHxp,"Pantysito (with Feid, ROBI)",Alejo,0.83,0.739,7,-5.395,0,0.0627,0.136,2.11E-06,0.162,97.993,240413,4
5QDLhrAOJJdNAmCTJ8xMyW,Dynamite,BTS,0.746,0.765,6,-4.41,0,0.0993,0.0112,0,0.0936,114.044,199054,4
503OTo2dSqe7qk76rgsbep,Still D.R.E. (with Snoop Dogg),Dr. Dre,0.816,0.775,11,-3.323,1,0.234,0.16,0.00031,0.0543,93.431,270587,4
1v7L65Lzy0j0vdpRjJewt1,Lose Yourself,Eminem,0.686,0.735,2,-4.616,1,0.264,0.00921,0.00066,0.342,171.355,322227,4
0u2P5u6lvoDfwTYjAADbn4,lovely (with Khalid),Billie Eilish,0.351,0.296,4,-10.109,0,0.0333,0.934,0,0.095,115.284,200186,4
76YSWx6L6FNsuaP6GWBb8P,All For Us (with Zendaya),Labrinth,0.46,0.66,3,-6.642,1,0.0652,0.0108,0.000139,0.34,141.722,191710,4
6LtHYDgYHRCHoKK3snfr2w,I’m Tired (with Zendaya),Labrinth,0.375,0.133,0,-10.624,0,0.0352,0.651,0,0.0695,131.721,187944,4
2gpQi3hbcUAcEG8m2dlgfB,Plan A,Paulo Londra,0.583,0.834,0,-4.875,1,0.0444,0.0495,0,0.0658,173.935,178203,4
7qEHsqek33rTcFNT9PFqLf,Someone You Loved,Lewis Capaldi,0.501,0.405,1,-5.679,1,0.0319,0.751,0,0.105,109.891,182161,4
7hU3IHwjX150XLoTVmjD0q,MONEY,LISA,0.831,0.554,1,-9.998,0,0.218,0.161,6.12E-05,0.152,140.026,168228,4
0k4d5YPDr1r7FX77VdqWez,You Right (feat. The Weeknd) ,Doja Cat,0.828,0.621,8,-6.414,1,0.0565,0.0164,0.00233,0.0845,128.986,186173,4
2Gq636OOGgxCTqEuzCZhsa,Tiago PZK: Bzrp Music Sessions Vol. 48 (with Tiago PZK),Bizarrap,0.656,0.823,1,-3.059,0,0.315,0.47,0,0.103,96.474,160000,4
3AJwUDP919kvQ9QcozQPxg,Yellow,Coldplay,0.429,0.661,11,-7.227,1,0.0281,0.00239,0.000121,0.234,173.372,266773,4
69vlMrzHwATKzupwNcUPyK,La Santa (with Daddy Yankee),Bad Bunny,0.744,0.868,1,-4.524,1,0.047,0.0326,0,0.0822,93.037,206420,4
62Yo3FDddWY8ydu6PW2wyz,Nail Tech,Jack Harlow,0.677,0.557,1,-8.409,1,0.0694,0.00508,8.36E-06,0.0984,150.127,206385,4
0NBgyml7T0IvUNbXIkcSpH,"Malvadão 3 (with Gustah, Neo Beats)",Xamã ,0.821,0.609,6,-6.541,0,0.268,0.378,0,0.136,133.133,141770,4
68Dni7IE4VyPkTOH9mRWHr,No Role Modelz,J. Cole,0.69,0.521,10,-8.492,0,0.339,0.324,0,0.0534,100.028,292799,4
5TXDeTFVRVY7Cvt0Dw4vWW,Revenge,XXXTENTACION,0.746,0.251,11,-16.169,0,0.259,0.782,0.00203,0.106,139.999,120027,4
6EtKlIQmGPB9SX8UjDJG5s,Formula,Labrinth,0.574,0.664,11,-6.068,1,0.0409,0.0448,0.0553,0.146,144.654,91870,4
0dcnrLo8s1rhjm8euGjI4n,DARARI,TREASURE,0.716,0.638,0,-6.87,1,0.0392,0.486,0,0.0702,84.955,220716,4
7EkWXAI1wn8Ii883ecd9xr,Freaks,Surf Curse,0.345,0.941,9,-9.918,1,0.0466,3.84E-05,0.633,0.0511,179.626,147062,4
2BcMwX1MPV6ZHP4tUT9uq6,Knife Talk (with 21 Savage ft. Project Pat),Drake,0.849,0.424,5,-9.579,0,0.324,0.0635,0,0.0834,145.887,242966,4
78kygHp1dvW1kncYjBgbe1,Mujeriego,Ryan Castro,0.758,0.621,9,-8.033,1,0.125,0.0628,0,0.0809,79.949,142500,4
1UdzJEpgJxtuXAlCOvD4S0,Fuera del mercado,Danny Ocean,0.453,0.673,8,-5.649,1,0.144,0.32,0,0.131,92.06,159849,4
3sd2p4kE7xQmFH3lPnFl6h,"sentaDONA (with Mc Frog, Dj Gabriel do Borel, Luísa Sonza) [Remix] s2",Davi Kneip ,0.925,0.454,3,-3.533,0,0.273,0.252,4.19E-06,0.128,135.02,125245,4
0UXlu64mDLvfzR8IXMz06J,Ya No Somos Ni Seremos,Christian Nodal,0.588,0.452,7,-4.75,1,0.0268,0.437,0,0.344,139.953,185723,4
0G2zPzWqVjR68iNPmx2TBe,"Volando (with Bad Bunny, Sech) [Remix]",Mora ,0.659,0.688,6,-4.649,1,0.0673,0.207,0,0.113,153.979,273474,4
2tpWsVSb9UEmDRxAl1zhX1,Counting Stars,OneRepublic,0.664,0.705,1,-4.972,0,0.0382,0.0654,0,0.118,122.016,257267,4
3GaGWoU1KfVqgl7vnRHP55,Demasiadas Mujeres,C. Tangana,0.658,0.453,9,-7.378,0,0.39,0.131,0.0002,0.0848,126.043,153960,4
0gucTLf7trAf37Ua1uAyAu,Smells Like Teen Spirit,Nirvana,0.489,0.918,1,-4.502,1,0.0554,3.53E-05,7.64E-05,0.0908,116.731,300893,4
2J2Z1SkXYghSajLibnQHOa,Unstoppable,Sia,0.468,0.779,9,-4.839,1,0.0779,0.112,0.000373,0.101,173.799,217747,4
1u8c2t2Cy7UBoG4ArRcF5g,Blank Space,Taylor Swift,0.76,0.703,5,-5.412,1,0.054,0.103,0,0.0913,95.997,231827,4
3Oww84xrmgjyr5J1ilOmAf,Down Under (feat. Colin Hay),Luude,0.308,0.86,11,-4.111,0,0.168,0.0116,0.000828,0.277,171.835,158774,4
5E30LdtzQTGqRvNd7l6kG5,Daddy Issues,The Neighbourhood,0.588,0.521,10,-9.461,1,0.0329,0.0678,0.149,0.123,85.012,260173,4
5g7sDjBhZ4I3gcFIpkrLuI,Locked out of Heaven,Bruno Mars,0.728,0.697,5,-4.125,1,0.0456,0.0556,0,0.282,143.986,233653,4
4xkOaSrkexMciUUogZKVTS,Till I Collapse (feat. Nate Dogg),Eminem,0.548,0.847,1,-3.237,1,0.186,0.0622,0,0.0816,171.447,297787,4
1nH2PkJL1XoUq8oE6tBZoU,Sacrifice,The Weeknd,0.735,0.795,11,-6.523,0,0.113,0.0296,3.18E-05,0.0678,122,188918,4
1XGmzt0PVuFgQYYnV2It7A,Payphone (with Wiz Khalifa),Maroon 5 ,0.743,0.752,4,-4.813,1,0.0414,0.0188,0,0.287,110.015,231173,4
0fea68AdmYNygeTGI4RC18,LA CANCIÓN (with Bad Bunny),J Balvin,0.754,0.646,7,-5.795,1,0.317,0.152,1.85E-05,0.108,176.089,242573,4
0y60itmpH0aPKsFiGxmtnh,Wait a Minute!,WILLOW,0.764,0.705,3,-5.279,0,0.0278,0.0371,1.94E-05,0.0943,101.003,196520,4
1ojBtNRMzjL7ptLPZCzfRz,Thinking with My Dick (feat. Juicy J),Kevin Gates,0.77,0.699,0,-6.59,1,0.199,0.0596,1.65E-05,0.17,81.003,165315,4
7qiZfU4dY1lWllzX7mPBI3,Shape of You,Ed Sheeran,0.825,0.652,1,-3.183,0,0.0802,0.581,0,0.0931,95.977,233713,4
0ct6r3EGTcMLPtrXHDvVjc,The Nights,Avicii,0.527,0.835,6,-5.298,1,0.0433,0.0166,0,0.249,125.983,176658,4
1DIXPcTDzTj8ZMHt3PDt8p,Gangsta's Paradise (feat. L.V.),Coolio ,0.647,0.514,8,-10.05,1,0.0593,0.0655,0,0.398,79.975,240693,4
6K5ph5mq1qprHae3TrgTj5,"Surface Pressure - From ""Encanto""/Soundtrack Version",Jessica Darrow,0.652,0.583,2,-8.302,1,0.322,0.0165,1.65E-06,0.042,180.042,202227,4
7yq4Qj7cqayVTp3FF9CWbm,Riptide,Vance Joy,0.484,0.731,1,-6.694,1,0.0379,0.431,0,0.151,101.654,204280,4
0W6I02J9xcqK8MtSeosEXb,Get Into It,Doja Cat,0.912,0.655,8,-6.029,0,0.162,0.315,3.39E-05,0.0894,91.942,138293,4
6f5ExP43esnvdKPddwKXJH,Better Days (with Mae Muller x Polo G),NEIKED,0.717,0.671,0,-5.077,0,0.0337,0.0018,2.54E-06,0.0921,110.054,160657,4
4u7EnebtmKWzUH433cf5Qv,Bohemian Rhapsody - Remastered 2011,Queen,0.414,0.404,0,-9.928,0,0.0499,0.271,0,0.3,71.105,354320,4
48QmG1dfvMuYLxMPt7KSRA,No Lie (with Dua Lipa),Sean Paul,0.742,0.882,7,-2.862,1,0.117,0.0466,0,0.206,102.04,221176,4
7gVzhRCrLRUBEGdS7zNTp0,Malvada,Zé Felipe,0.894,0.859,5,-2.981,0,0.0471,0.159,0.000153,0.075,134.947,145854,4
0bI7K9Becu2dtXK1Q3cZNB,Don't Be Shy (with KAROL G),Tiësto ,0.77,0.787,11,-3.748,0,0.0583,0.198,0,0.262,119.986,140500,4
0tgVpDi06FyKpA1z0VMD4v,Perfect,Ed Sheeran,0.599,0.448,8,-6.312,1,0.0232,0.163,0,0.106,95.05,263400,3
6hH6QJ9ZAO0Z6m7PfvLoXW,CHICKEN TERIYAKI,ROSALÍA,0.788,0.4,2,-6.454,1,0.115,0.454,0.000141,0.0686,97.936,122227,4
1zi7xx7UVEFkmKfv06H8x0,"One Dance (feat. WizKid, Kyla)",Drake,0.792,0.625,1,-5.609,1,0.0536,0.00776,0.0018,0.329,103.967,173987,4
2BEcap3xJtmiPaHKyfQi4e,"Nostálgico (feat. Rauw Alejandro, Chris Brown)",Rvssian,0.734,0.846,9,-3.425,0,0.0489,0.166,1.74E-06,0.235,98.026,209884,4
4jPy3l0RUwlUI9T5XHBW2m,Mood (feat. iann dior),24kGoldn,0.701,0.716,7,-3.671,0,0.0361,0.174,0,0.324,91.007,140533,4
003vvx7Niy0yvhvHt4a68B,Mr. Brightside,The Killers,0.352,0.911,1,-5.23,1,0.0747,0.00121,0,0.0995,148.033,222973,4
4bV5sf2B4hWBBd5HQ8S7KB,"Nobody Like U (with Jordan Fisher, Finneas O'Connell, Topher Ngo, Grayson Villanueva, Josh Levi)",4*TOWN ,0.905,0.631,9,-10.06,0,0.177,0.129,0,0.101,105.026,160947,4
5enxwA8aAbwZbf5qCHORXi,All Too Well,Taylor Swift,0.631,0.518,0,-8.771,1,0.0303,0.274,0,0.088,93.023,613027,4
21jGcNKet2qwijlDFuPiPb,Circles,Post Malone,0.695,0.762,0,-3.497,1,0.0395,0.192,0.00244,0.0863,120.042,215280,4
5kqNIqFjijuzvVLhuY9B8j,La Zona,Bad Bunny,0.762,0.801,1,-3.661,0,0.0409,0.2,7.04E-05,0.254,93.992,136893,4
3dYD57lRAUcMHufyqn9GcI,Take Me To Church,Hozier,0.566,0.664,4,-5.303,0,0.0464,0.634,0,0.116,128.945,241688,4
4xqrdfXkTW4T0RauPLv3WA,Heather,Conan Gray,0.357,0.425,5,-7.301,1,0.0333,0.584,0,0.322,102.078,198040,3
7iL6o9tox1zgHpKUfh9vuC,In Da Club,50 Cent,0.899,0.713,6,-2.752,0,0.366,0.255,0,0.0708,90.051,193467,4
5719MEdRQcH4c3phXqX7WN,Mal Feito - Ao Vivo (feat. Marília Mendonça),Hugo & Guilherme,0.732,0.831,0,-3.791,0,0.0691,0.554,0,0.903,123.942,177935,4
4UPQiDmYScn2C6S2C2WATY,Just a Cloud Away,Pharrell Williams,0.888,0.459,2,-8.154,1,0.0357,0.426,0,0.11,112.56,176078,3
4UG2Fm0E98LhE2dlNxiAXx,this is what falling in love feels like,JVKE,0.424,0.438,11,-5.53,1,0.0553,0.617,0,0.0837,128.983,120308,5
2N8m6CYs74qQO4mjVcXO30,Dance Monkey,Tones And I,0.824,0.587,6,-6.401,0,0.0937,0.69,0.000105,0.149,98.029,209438,4
2tGvwE8GcFKwNdAXMnlbfl,happier,Olivia Rodrigo,0.395,0.443,6,-9.72,1,0.133,0.765,9.67E-06,0.0839,168.924,175933,3
2ZRo7axmMPeSVUvDbGkJah,Hope,XXXTENTACION,0.592,0.457,9,-6.081,0,0.0603,0.661,0.000331,0.146,146.04,110886,4
5W1qmxHrMlQGGAiFA3ZQqP,"Se Le Ve (feat. Dalex, Sech, Justin Quiles, Arcangel, De La Ghetto, Lenny Tavárez)",Dímelo Flow,0.562,0.755,7,-4.367,0,0.112,0.0967,2.25E-05,0.143,83.997,277693,4
07MDkzWARZaLEdKxo6yArG,"Meet Me At Our Spot (feat. WILLOW, Tyler Cole)",THE ANXIETY,0.773,0.47,2,-7.93,1,0.0299,0.0153,0.000193,0.0851,94.995,162680,4
0nrRP2bk19rLc0orkWPQk2,Wake Me Up,Avicii,0.532,0.783,2,-5.697,1,0.0523,0.0038,0.0012,0.161,124.08,247427,4
2dG9k8jtnkjzJjUToz9i9i,"Residente: Bzrp Music Sessions, Vol. 49 (feat. Residente)",Bizarrap,0.586,0.74,1,-2.997,0,0.404,0.555,0,0.11,71.378,519289,3
4gvrJnKCKIPiacNsWVQwEU,love nwantiti (feat. Dj Yo! & AX'EL) [Remix],Ckay,0.579,0.596,8,-4.823,1,0.0561,0.436,0.0938,0.0549,119.9,188369,3
3vySEUpD0tc801F2WZDLYw,Freaky Deaky (feat. Doja Cat),Tyga,0.799,0.653,2,-5.453,0,0.037,0.019,0,0.0935,104.019,215281,4
29m79w9xPMH4YCD6r8JSmV,"Excuses (feat. Gurinder Gill, Intense)",AP Dhillon ,0.837,0.717,5,-7.749,0,0.0822,0.0842,0,0.149,94.984,176233,4
48q0vSHcJdhK3IiXH8C5WJ,Why'd You Only Call Me When You're High?,Arctic Monkeys,0.691,0.631,2,-6.478,1,0.0368,0.0483,1.13E-05,0.104,92.004,161124,4
285pBltuF7vW8TeWk8hdRR,Lucid Dreams,Juice WRLD,0.511,0.566,6,-7.23,0,0.2,0.349,0,0.34,83.903,239836,4
2vXKRlJBXyOcvZYTdNeckS,Lost in the Fire (feat. The Weeknd),Gesaffelstein ,0.658,0.671,2,-12.21,1,0.0363,0.0933,0.000927,0.115,100.966,202093,4
4kXxEhuatrvwrTQycA7s9B,BIZCOCHITO,ROSALÍA,0.93,0.774,1,-4.203,1,0.0744,0.605,0.0238,0.12,116.972,109120,4
7FIWs0pqAYbP91WWM0vlTQ,Godzilla (feat. Juice WRLD),Eminem,0.808,0.745,10,-5.26,0,0.342,0.145,0,0.292,165.995,210800,4
22skzmqfdWrjJylampe0kt,Can't Hold Us (feat. Ray Dalton),Macklemore & Ryan Lewis,0.633,0.927,2,-4.468,1,0.0839,0.0267,0,0.0986,146.097,258432,4
35mvY5S1H3J2QZyna3TFe0,positions,Ariana Grande,0.737,0.802,0,-4.771,1,0.0878,0.468,0,0.0931,144.015,172325,4
7BbaIYAdi3pg4MGl6PHwPv,Monëy so big,Yeat,0.693,0.575,2,-7.633,1,0.0906,0.121,0,0.104,138.016,160052,4
161DnLWsx1i3u1JT05lzqU,Talking to the Moon,Bruno Mars,0.498,0.59,1,-4.721,0,0.032,0.511,0,0.107,145.867,217867,4
4kroNlz8BTfswE4M0i3YCh,HENTAI,ROSALÍA,0.583,0.297,7,-11.273,0,0.406,0.879,0,0.127,124.279,162907,3
5lAnYvAIkSDNXqfo7DyFUm,Ain't Shit,Doja Cat,0.855,0.488,3,-4.601,1,0.208,0.506,0,0.347,124.097,174253,4
02VBYrHfVwfEWXk5DXyf0T,Leave The Door Open,Bruno Mars & Anderson .Paak Silk Sonic,0.586,0.616,5,-7.964,1,0.0324,0.182,0,0.0927,148.088,242096,4
0IGUXY4JbK18bu9oD4mPIm,TOMBOY,(G)I-DLE,0.755,0.87,1,-2.414,0,0.0936,0.00988,0,0.0917,124.032,174387,4
6RUKPb4LETWmmr3iAEQktW,Something Just Like This (feat. Coldplay),The Chainsmokers,0.617,0.635,11,-6.769,0,0.0317,0.0498,1.44E-05,0.164,103.019,247160,4
2USlegnFJLrVLpoVfPimKB,"Thunder (feat. LUM!X, Prezioso)",Gabry Ponte,0.67,0.896,1,-4.673,1,0.058,0.0342,3.21E-05,0.344,101.216,160000,3
39LLxExYz6ewLAcYrzQQyP,Levitating,Dua Lipa,0.695,0.884,6,-2.278,0,0.0753,0.0561,0,0.213,103.014,203808,4
3rq5w4bQGigXOfdN30ATJt,Do I Wanna Know?,Arctic Monkeys,0.548,0.532,5,-7.596,1,0.0323,0.186,0.000263,0.217,85.03,272394,4
53RxHysDJ0cjugMcPymwja,ABALO EMOCIONAL - Ao Vivo,Luan Santana,0.441,0.915,3,-4.096,0,0.112,0.306,0,0.252,185.936,153226,4
6v3KW9xbzN5yKLt9YKDYA2,Señorita (feat. Camila Cabello),Shawn Mendes ,0.759,0.548,9,-6.049,0,0.029,0.0392,0,0.0828,116.967,190800,4
3UmaczJpikHgJFyBTAJVoz,Stan (with Dido),Eminem,0.78,0.768,6,-4.325,0,0.238,0.0371,2.34E-06,0.518,80.063,404107,4
2gMXnyrvIjhVBUZwvLZDMP,Before You Go,Lewis Capaldi,0.459,0.575,3,-4.858,1,0.0573,0.604,0,0.0885,111.881,215107,4
7H0ya83CMmgFcOhw0UB6ow,Space Song,Beach House,0.508,0.792,0,-7.311,0,0.0297,0.229,0.124,0.145,147.067,320467,4
5uCax9HTNlzGybIStD3vDh,Say You Won't Let Go,James Arthur,0.358,0.557,10,-7.398,1,0.059,0.695,0,0.0902,85.043,211467,4
60ynsPSSKe6O3sfwRnIBRf,Streets,Doja Cat,0.749,0.463,11,-8.433,1,0.0842,0.21,0.0382,0.338,90.035,226987,4
2tTmW7RDtMQtBk7m2rYeSw,"Quevedo: Bzrp Music Sessions, Vol. 52 (feat. Quevedo)",Bizarrap,0.621,0.782,2,-5.548,1,0.044,0.0125,0.033,0.23,128.033,198938,4
4Dvkj6JhhA12EX05fT7y2e,As It Was,Harry Styles,0.52,0.731,6,-5.338,0,0.0557,0.342,0.00101,0.311,173.93,167303,4
6Sq7ltF9Qa7SNFBsV5Cogx,Me Porto Bonito (feat. Chencho Corleone),Bad Bunny,0.911,0.712,1,-5.105,0,0.0817,0.0901,2.68E-05,0.0933,92.005,178567,4
1IHWl5LamUGEuP4ozKQSXZ,Tití Me Preguntó,Bad Bunny,0.65,0.715,5,-5.198,0,0.253,0.0993,0.000291,0.126,106.672,243717,4
75FEaRjZTKLhTrFGsfMUXR,Running Up That Hill,Kate Bush,0.629,0.547,10,-13.123,0,0.055,0.72,0.00314,0.0604,108.375,298933,4
5ildQOEKmJuWGl2vRkFdYc,DESPECHÁ,ROSALÍA,0.919,0.623,7,-6.521,1,0.0992,0.184,1.63E-05,0.0609,130.037,157018,4
5Eax0qFko2dh7Rl2lYs3bx,Efecto,Bad Bunny,0.801,0.475,7,-8.797,0,0.0516,0.141,1.73E-05,0.0639,98.047,213061,4
6xGruZOHLs39ZbVccQTuPZ,Glimpse of Us,Joji,0.44,0.317,8,-9.258,1,0.0531,0.891,4.78E-06,0.141,169.914,233456,3
3k3NWokhRRkEPhCzPmV8TW,Ojitos Lindos (feat. Bomba Estéreo),Bad Bunny,0.647,0.686,3,-5.745,0,0.0413,0.08,1.34E-06,0.528,79.928,258299,4
4k6Uh1HXdhtusDW5y8Gbvy,Bad Habit,Steve Lacy,0.686,0.494,1,-7.093,1,0.0355,0.613,5.80E-05,0.402,168.946,232067,4
6Xom58OOXk2SoU711L2IXO,Moscow Mule,Bad Bunny,0.804,0.674,5,-5.453,0,0.0333,0.294,1.18E-06,0.115,99.968,245940,4
5ww2BF9slyYgNOk37BlC4u,La Bachata,Manuel Turizo,0.835,0.679,7,-5.329,0,0.0364,0.583,1.98E-06,0.218,124.98,162638,4
7dSZ6zGTQx66c2GF91xCrb,PROVENZA,KAROL G,0.87,0.516,1,-8.006,1,0.0541,0.656,0.00823,0.11,111.005,210200,4
0xzI1KAr0Yd9tv8jlIk3sn,Bad Decisions (with BTS & Snoop Dogg),benny blanco,0.762,0.861,0,-3.296,1,0.0955,0.0185,0,0.264,120.048,172714,4
4h9wh7iOZ0GGn8QVp4RAOB,I Ain't Worried,OneRepublic,0.704,0.797,0,-5.927,1,0.0475,0.0826,0.000745,0.0546,139.994,148486,4
0mBP9X2gPCuapvpZ7TGDk3,Left and Right (Feat. Jung Kook of BTS),Charlie Puth,0.881,0.592,2,-4.898,1,0.0324,0.619,1.32E-05,0.0901,101.058,154487,4
3LtpKP5abr2qqjunvjlX5i,Doja,Central Cee,0.911,0.573,6,-7.43,1,0.288,0.38,0,0.403,140.04,97393,4
5pyoxDZ1PX0KxBxiRVxA4U,BREAK MY SOUL,Beyoncé,0.693,0.887,1,-5.039,0,0.0795,0.0581,2.71E-06,0.27,114.942,278282,4
6HMtHNpW6YPi1hrw9tgF8P,About Damn Time,Lizzo,0.836,0.743,10,-6.305,0,0.0653,0.0974,0,0.335,108.965,191938,4
0g2Bbgy7P41pFjMWJuzsf4,STAYING ALIVE (feat. Drake & Lil Baby),DJ Khaled,0.718,0.461,4,-7.676,0,0.0797,0.068,0,0.283,129.953,178176,4
41oY4WCTj5kccfesTVFnvN,Tarot (feat. Jhay Cortez),Bad Bunny,0.795,0.684,11,-3.971,0,0.0419,0.0225,0,0.658,114.011,237895,4
2rurDawMfoKP4uHyb2kJBt,Te Felicito (feat. Rauw Alejandro),Shakira,0.695,0.636,5,-4.654,1,0.317,0.234,0,0.081,174.14,172235,4
76OGwb5RA9h4FxQPT33ekc,SNAP,Rosa Linn,0.565,0.636,0,-8.198,1,0.0638,0.107,9.90E-06,0.447,170.01,179551,4
1qEmFfgcLObUfQm0j1W2CK,Late Night Talking,Harry Styles,0.714,0.728,10,-4.595,1,0.0468,0.298,0,0.106,114.996,177955,4
4tYFy8ALRjIZvnvSLw5lxN,Party (feat. Rauw Alejandro),Bad Bunny,0.829,0.799,9,-5.389,1,0.0897,0.0151,0.000543,0.242,97.013,227629,4
0O6u0VJ46W86TxN9wgyqDj,I Like You (with Doja Cat),Post Malone,0.733,0.67,5,-6.009,1,0.0751,0.121,0,0.121,100.964,192841,4
3F5CgOj3wFlRv51JsHbxhe,Jimmy Cooks (feat. 21 Savage),Drake,0.529,0.673,0,-4.711,1,0.175,0.000307,2.41E-06,0.093,165.921,218365,4
5IgjP7X4th6nMNDh4akUHb,Under The Influence,Chris Brown,0.733,0.69,9,-5.529,0,0.0427,0.0635,1.18E-06,0.105,116.992,184613,4
4h4QlmocP3IuwYEj2j14p8,Sunroof (feat. dazy),Nicky Youre,0.768,0.714,10,-5.11,1,0.0401,0.352,0,0.15,131.443,163026,4
4zN21mbAuaD0WqtmaTZZeP,Ferrari (feat. Miggy Dela Rosa),James Hype,0.847,0.69,1,-7.877,0,0.0493,0.0127,6.00E-05,0.0526,125.004,186662,4
1797zYiX4cKosMH836X9Gt,La Corriente (feat. Tony Dize),Bad Bunny,0.663,0.786,11,-3.51,0,0.195,0.229,0,0.219,196.12,198367,4
7ef4DlsgrMEH11cDZd32M6,One Kiss (with Dua Lipa),Calvin Harris,0.791,0.862,9,-3.24,0,0.11,0.037,2.19E-05,0.0814,123.994,214847,4
0hquQWY3xvYqN4qtiquniF,Vegas [From the Original Motion Picture Soundtrack ELVIS],Doja Cat,0.801,0.601,8,-7.574,0,0.255,0.0777,3.23E-05,0.145,159.969,182907,4
2LBqCSwhJGcFQeTHMVGwy3,Die For You,The Weeknd,0.586,0.525,1,-7.163,0,0.0615,0.111,0,0.134,133.629,260253,4
0T5iIrXA4p5GsubkhuBIKV,Until I Found You,Stephen Sanchez,0.539,0.508,10,-6.05,1,0.0288,0.727,0,0.174,101.358,177720,3
0wHFktze2PHC5jDt3B17DC,First Class,Jack Harlow,0.902,0.582,5,-5.902,0,0.109,0.111,3.18E-06,0.111,107.005,173948,4
6VBhH7CyP56BXjp8VsDFPZ,"Kesariya [From ""Brahmastra""] (feat. Arijit Singh, Amitabh Bhattacharya)",Pritam,0.577,0.574,0,-6.525,1,0.0278,0.572,0,0.1,94.009,268165,4
1dm6z1fWB0cErMszU25dy2,Después de la Playa,Bad Bunny,0.564,0.903,5,-3.221,1,0.307,0.356,0,0.175,78.293,230400,4
3fjN3y5x4hN53rykAN2LHQ,cómo dormiste?,Rels B,0.627,0.429,1,-8.255,1,0.234,0.238,0,0.122,126.426,112572,5
4hceSKjrkDTO0nMKFcb3sj,"Villano Antillano: Bzrp Music Sessions, Vol. 51 (feat. Villano Antillano)",Bizarrap,0.82,0.752,1,-7.635,0,0.0648,0.0584,0.00417,0.628,127.999,187500,4
6DoL1yYIwEW7VZMRaJhoJI,"La Llevo Al Cielo (feat. Anuel AA, Chencho Corleone, Ñengo Flow)",Chris Jedi,0.795,0.845,9,-3.809,0,0.135,0.105,1.14E-05,0.172,170.023,254920,4
1Hohk6AufHZOrrhMXZppax,ALIEN SUPERSTAR,Beyoncé,0.545,0.641,10,-6.398,0,0.0998,0.00453,6.59E-05,0.171,121.892,215460,4
59nOXPmaKlBfGMDeOVGrIK,WAIT FOR U (feat. Drake & Tems),Future,0.463,0.642,1,-4.474,1,0.34,0.314,0,0.0686,83.389,189893,4
5CzixCxDkRXX9mScCmah8O,Un Ratito,Bad Bunny,0.787,0.546,0,-7.094,0,0.0532,0.305,4.55E-05,0.122,93.05,176936,4
2bbwjxA68m9PHZFWgF1fze,GIVENCHY,Duki,0.607,0.619,8,-6.726,1,0.396,0.142,0,0.231,102.974,182611,3
31i56LZnwE6uSu3exoHjtB,Neverita,Bad Bunny,0.876,0.498,10,-7.511,1,0.0478,0.0706,0,0.143,122.016,173119,4
09mEdoA6zrmBPgTEN5qXmN,Call Out My Name,The Weeknd,0.461,0.593,1,-4.954,1,0.0356,0.17,0,0.307,134.17,228373,3
3hUxzQpSfdDqwM3ZTFQY0K,august,Taylor Swift,0.532,0.623,5,-9.208,1,0.0331,0.538,7.28E-05,0.0925,89.937,261923,4
2z9YkcLojiOE7Eu2p9lPZR,Normal,Feid,0.712,0.557,4,-4.861,0,0.115,0.0397,0,0.27,170.079,171987,4
1xzi1Jcr7mEi9K2RfzLOqS,CUFF IT,Beyoncé,0.78,0.689,7,-5.668,1,0.141,0.0368,9.69E-06,0.0698,115.042,225389,4
1cKHdTo9u0ZymJdPGSh6nq,I Was Never There (feat. Gesaffelstein),The Weeknd,0.323,0.737,10,-4.008,1,0.0338,0.142,0.000162,0.163,113.26,241067,4
6wtZPYBIXUvCpXwVjMCJBf,"ULTRA SOLO REMIX (feat. Pailita, Feid, Paloma Mami, De La Ghetto)",Polimá Westcoast,0.909,0.824,1,-4.627,1,0.0797,0.0777,0.00387,0.0638,109.97,322347,4
4cacyP5c3PMlfnyjpg13xW,Betty [Get Money],Yung Gravy,0.723,0.772,1,-6.784,1,0.0792,0.00524,1.15E-05,0.367,102.004,146471,4
7gwT3HGL84vF7bgtwL1N88,Ojos Marrones,Lasso,0.809,0.649,8,-4.433,0,0.0416,0.0407,0,0.145,120.014,198520,4
2MuWTIM3b0YEAskbeeFE1i,Master Of Puppets,Metallica,0.543,0.836,4,-9.11,0,0.0353,0.000647,0.431,0.153,105.173,515387,4
7MXVkk9YMctZqd1Srtv4MB,Starboy (feat. Daft Punk),The Weeknd,0.679,0.587,7,-7.015,1,0.276,0.141,6.35E-06,0.137,186.003,230453,4
44XjoNvtwevktFKjvVe1vH,Andrea (feat. Buscabulla),Bad Bunny,0.797,0.616,1,-10.229,0,0.375,0.762,0.000293,0.0979,103.071,339612,4
6VrQTLzzuyGIYjUDe4kAZk,Un Coco,Bad Bunny,0.839,0.69,11,-4.464,1,0.0615,0.207,8.33E-06,0.176,151.991,196413,4
02jLfqc9gMo8PkHEGHY3OT,Si Te La Encuentras Por Ahí,Feid,0.743,0.576,8,-3.552,0,0.076,0.151,5.87E-05,0.128,171.945,191573,4
7fZBQnc0zXwVybgCIrQQil,Belly Dancer (feat. BYOR),Imanbek,0.845,0.797,1,-4.984,1,0.139,0.0582,5.57E-06,0.167,121.985,151475,4
5YbPxJwPfrj7uswNwoF1pJ,Last Last,Burna Boy,0.795,0.565,3,-4.457,0,0.0948,0.131,0,0.0802,87.925,172342,4
4d4ZXH4dr5bYfgErHiZCX2,Dos Mil 16,Bad Bunny,0.817,0.67,1,-6.534,1,0.0506,0.123,1.92E-06,0.128,130.058,208615,3
6clzeGvi1CFioMOolbAOlX,"Stay With Me (with Justin Timberlake, Halsey & Pharrell)",Calvin Harris,0.81,0.733,9,-6.338,1,0.0444,0.276,6.73E-06,0.288,125.975,229283,4
7a8GawTVgHZvBLQOh46he7,I Wanna Be Yours,Arctic Monkeys,0.464,0.417,0,-9.345,0,0.0256,0.136,0.022,0.0974,67.528,183956,4
4RvWPyQ5RL0ao9LPZeSouE,Everybody Wants To Rule The World,Tears For Fears,0.645,0.795,7,-12.095,1,0.0527,0.347,0.00389,0.104,112.067,251489,4
1R0a2iXumgCiFb7HEZ7gUE,Don’t Blame Me,Taylor Swift,0.615,0.534,9,-6.719,0,0.0386,0.106,1.76E-05,0.0607,135.917,236413,4
62ke5zFUJN6RvtXZgVH0F8,Only Love Can Hurt Like This,Paloma Faith,0.566,0.885,8,-4.528,1,0.0818,0.0958,9.97E-05,0.334,90.99,232893,4
1JSTJqkT5qHq8MDJnJbRE1,Every Breath You Take,The Police,0.82,0.452,1,-9.796,1,0.0348,0.543,0.00294,0.0714,117.401,253920,4
1ei3hzQmrgealgRKFxIcWn,In The Stars,Benson Boone,0.362,0.54,10,-6.031,1,0.0528,0.338,0,0.139,78.007,216410,3
0zCgWGmDF0aih5qexATyBn,After Dark,Mr.Kitty,0.579,0.601,8,-10.492,1,0.0322,0.0673,0.414,0.0778,140.019,257147,4
5kVZxyMY1gfdCLiChsfjn1,Yo No Soy Celoso,Bad Bunny,0.872,0.588,0,-6.276,1,0.0492,0.275,0,0.17,142.004,230704,4
5O2P9iiztwhomNh8xkR9lJ,Night Changes,One Direction,0.672,0.52,8,-7.747,1,0.0353,0.859,0,0.115,120.001,226600,4
7fBv7CLKzipRk6EC6TWHOB,The Hills,The Weeknd,0.585,0.564,0,-7.063,0,0.0515,0.0671,0,0.135,113.003,242253,4
3GYlZ7tbxLOxe6ewMNVTkw,TV,Billie Eilish,0.412,0.236,4,-15.159,0,0.0379,0.83,0.00653,0.147,140.214,281381,4
28GCbKgjlVD9eDmasGbe0T,Me Fui de Vacaciones,Bad Bunny,0.714,0.645,10,-5.493,1,0.0514,0.229,0.00083,0.0942,85.046,180930,4
5jt25aFjW2kNoBqaEVaz5W,LA INOCENTE (feat. Feid),Mora,0.757,0.789,5,-3.46,0,0.0583,0.307,0,0.0717,91.911,202174,4
1FEiijYPJtyswChfcpv3p0,Summertime Sadness,Lana Del Rey,0.568,0.646,1,-6.793,0,0.0332,0.0464,0,0.121,111.945,264773,4
1Fid2jjqsHViMX6xNH70hE,Atlantis,Seafret,0.4,0.479,8,-7.989,0,0.0308,0.0529,2.14E-06,0.115,166.159,229173,4
10xV5l9nhLvFpR8mqzs0bL,Numb (feat. Khalid),Marshmello,0.912,0.774,0,-4.673,0,0.0455,0.121,0.0127,0.101,119.966,155589,4
0OTNHGKcqQbk51bOYe462Y,ULTRA SOLO (feat. Pailita),Polimá Westcoast,0.802,0.846,1,-4.495,1,0.207,0.233,1.92E-05,0.114,109.982,227221,4
3BnDvpeuGOj21Ir2aVEtQo,Calm Down,Rema,0.814,0.789,11,-6.29,1,0.0405,0.365,0.000502,0.137,107.003,219669,4
0oiv4E896TUTTeQU0cmIui,Massive,Drake,0.499,0.671,4,-6.774,0,0.0561,0.114,0.0169,0.148,124.994,336924,3
2uflssWlCaJ6CbTMOsUpNI,Aguacero,Bad Bunny,0.861,0.645,6,-6.96,0,0.0743,0.423,0.000592,0.349,121.391,210989,5
5rJ7bdPmr8nfmm2JQ8xHOz,POP!,NAYEON,0.793,0.859,2,-2.998,1,0.0544,0.0356,0,0.0343,97.001,168107,4
3AVrVz5rK8Hrqo9YGiVGN5,Apocalypse,Cigarettes After Sex,0.369,0.467,5,-9.018,1,0.0274,0.0194,0.46,0.109,94.473,290147,4
0E0DRHf5PfMeor0ZCwB3oT,Otro Atardecer (feat. The Marías),Bad Bunny,0.777,0.595,2,-6.79,1,0.0375,0.59,0.00139,0.0669,108.02,244444,4
4w273WCBXwM4P3jTX5HkB2,El Rescate (feat. Junior H),Grupo Marca Registrada,0.794,0.594,7,-8.698,0,0.139,0.283,0.000381,0.109,99.238,160897,3
7o2CTH4ctstm8TNelqjb51,Sweet Child O' Mine,Guns N' Roses,0.454,0.91,6,-7.766,1,0.0448,0.0866,0.0996,0.116,125.116,354520,4
71wFwRo8xGc4lrcyKwsvba,Callaita (feat. Tainy),Bad Bunny,0.608,0.626,2,-4.773,1,0.301,0.597,2.16E-06,0.25,176.086,250534,4
3h8tI65xdfpQyTAy7Grqwa,Potion (with Dua Lipa & Young Thug),Calvin Harris,0.824,0.697,11,-4.869,0,0.0473,0.158,4.11E-05,0.0751,99.987,215216,4
1WCEAGGRD066z2Q89ObXTq,"Crazy What Love Can Do (feat. Becky Hill, Ella Henderson)",David Guetta,0.601,0.713,4,-3.758,0,0.0449,0.0282,0,0.158,122.872,169756,4
40SBS57su9xLiE1WqkXOVr,Afraid To Feel,LF SYSTEM,0.578,0.912,1,-3.929,1,0.114,0.0166,0.00362,0.273,127.87,177525,4
1gH1h30wkQdd9zhY3j7a8T,THE SHADE,Rex Orange County,0.898,0.509,5,-7.973,1,0.062,0.391,0,0.0876,119.869,181507,4
32vE1nuG8T9c8bhmZdRY6d,Cooped Up (with Roddy Ricch),Post Malone,0.669,0.773,0,-5.619,1,0.153,0.038,0,0.113,93.923,185857,4
5gDWsRxpJ2lZAffh5p7K0w,Stargirl Interlude (feat. Lana Del Rey),The Weeknd,0.715,0.47,5,-12.638,0,0.0772,0.353,0.0923,0.104,89.965,111627,4
0314PeD1sQNonfVWix3B2K,ENERGY (feat. Beam),Beyoncé,0.903,0.519,1,-9.151,1,0.26,0.281,0.000106,0.155,114.991,116727,4
6uvh0In7u1Xn4HgxOfAn8O,Matilda,Harry Styles,0.507,0.294,2,-10,1,0.04,0.896,1.97E-05,0.0966,114.199,245964,4
5LYMamLv12UPbemOaTPyeV,Music For a Sushi Restaurant,Harry Styles,0.72,0.715,11,-4.652,1,0.04,0.258,0.0568,0.107,107.041,193813,4
2DgdHcjWmO3qd50RzuBLgZ,House of Memories,Panic! At The Disco,0.506,0.817,11,-5.051,0,0.0335,0.00272,0,0.0486,109.952,208707,4
2SwQShWjZsxoGviEyaEMOX,Nerdesin,Ezhel,0.816,0.696,8,-6.75,0,0.153,0.201,0.000643,0.13,100.004,176268,4
3GdWfmQBiiJrDUvSZS1bGv,Never Sleep (with Lil Baby feat. Travis Scott),NAV,0.819,0.651,1,-5.829,1,0.169,0.00639,0,0.122,139.957,185786,4
7AwVSKaQxpidrtYBerkHKk,"Pipoco (feat. Melody, Dj Chris No Beat)",Ana Castela,0.774,0.742,8,-4.178,1,0.0766,0.473,0.000472,0.342,134.991,194023,4
48AJSd42lXpicsGqcgopof,X ÚLTIMA VEZ (feat. Bad Bunny),Daddy Yankee,0.812,0.855,7,-3.725,1,0.0554,0.0789,0.000167,0.108,90.04,192477,4
7JJmb5XwzOO8jgpou264Ml,There's Nothing Holdin' Me Back,Shawn Mendes,0.866,0.813,11,-4.063,0,0.0554,0.38,0,0.0779,121.998,199440,4
2m6Ko3CY1qXNNja8AlugNc,Angel Baby,Troye Sivan,0.559,0.559,11,-6.425,1,0.0358,0.0145,0,0.138,72.498,220780,4
3HyR1j49TY5ACP2lseF1jx,SUMMER RENAISSANCE,Beyoncé,0.674,0.625,1,-9.593,1,0.0514,0.0843,0.0015,0.11,120.004,273998,4
1I4dwH7C0jBAEtz5DjlJgQ,Come Back Home,Sofia Carson,0.552,0.531,7,-7.732,1,0.0421,0.241,1.21E-05,0.122,144.946,176859,4
10SRMwb9EuVS1K9rYsBfHQ,Yet To Come,BTS,0.559,0.885,1,-4.515,1,0.189,0.0432,0,0.333,172.029,193594,4
5qaEfEh1AtSdrdrByCP7qR,Demons,Imagine Dragons,0.505,0.71,3,-3.015,1,0.0321,0.19,0.00025,0.269,89.938,177507,4
7lvDsmTRXFE3dK4OjvRiWB,Pasoori (feat. Ali Sethi),Shae Gill,0.714,0.596,11,-6.206,0,0.043,0.0657,0,0.0625,91.991,224147,4
4EWCNWgDS8707fNSZ1oaA5,Heartless,Kanye West,0.79,0.647,10,-5.983,0,0.136,0.0515,0,0.248,87.999,211000,4
1MpCaOeUWhox2Fgigbe1cL,I'M THAT GIRL,Beyoncé,0.554,0.535,5,-8.959,0,0.186,0.0616,1.32E-05,0.124,105.865,208014,4
2mqTtvbKxH7SoEQ2oGAnsA,CHURCH GIRL,Beyoncé,0.792,0.919,2,-5.688,1,0.276,0.0381,5.10E-06,0.368,92.028,224473,4
0mKGwFMHzTprtS2vpR3b6s,COZY,Beyoncé,0.556,0.63,7,-8.15,1,0.102,0.000828,0.00468,0.155,149.147,210372,5
0Fl4eWzVaMUOdXcOrj6F1q,VIRGO'S GROOVE,Beyoncé,0.683,0.85,11,-5.042,0,0.0699,0.0781,1.09E-06,0.741,107.988,368758,4
6ufcuVInt0ocHrUimDjGlb,PLASTIC OFF THE SOFA,Beyoncé,0.618,0.712,1,-8.246,1,0.114,0.14,4.53E-06,0.575,97.057,254319,4
1w7cgGZR86yWz1pA2puVJD,HEATED,Beyoncé,0.785,0.732,1,-5.724,1,0.164,0.0636,0.000807,0.265,110.952,260771,4
5YLGlPYkZBDXieMwzVve7g,MOVE (feat. Grace Jones & Tems),Beyoncé,0.876,0.628,1,-6.595,1,0.0935,0.0165,0.0339,0.0938,118.028,203383,4
1LCm0lFnEsxR2oPqyHLGX9,THIQUE,Beyoncé,0.823,0.536,5,-10.123,0,0.319,0.0616,0.0143,0.326,128.955,244792,4
4DByEumlGTZKSzuVEZ35eo,PURE/HONEY,Beyoncé,0.857,0.558,1,-7.888,1,0.134,0.0122,4.80E-05,0.288,123.973,288255,4
3k4CoiIQXiNBrwrmbBMDxj,ALL UP IN YOUR MIND,Beyoncé,0.744,0.577,9,-7.228,1,0.0631,0.0672,3.06E-06,0.178,135.869,169820,4
2XMAWynSTIst5KmLSv0Npf,AMERICA HAS A PROBLEM,Beyoncé,0.789,0.614,1,-6.491,1,0.0579,0.00348,0.00152,0.283,126.035,198898,4
7KWKWJnbGJ3Soag6Oopion,CACHORRINHAS,Luísa Sonza,0.709,0.696,8,-4.837,0,0.275,0.16,0,0.248,98.119,134937,4
5SHpuW2qjkQtFRpE6P9Nks,The 30th,Billie Eilish,0.387,0.135,7,-14.398,1,0.051,0.929,0,0.0948,82.987,216448,4
5vC8UAOHeG95ehRzZChniB,"Ai Preto (feat. DJ Biel do Furduncinho, Bianca)",L7NNON,0.953,0.57,6,-5.149,1,0.245,0.537,0,0.0993,129.947,131583,4
1c2hJSwcCfoPEw1su83Sw0,Hold My Hand,Lady Gaga,0.53,0.612,7,-4.286,1,0.0331,0.0403,0,0.393,148.009,225280,3
760jhRscwGbIIe1m1IIQpU,Surface Pressure,Jessica Darrow,0.65,0.584,2,-8.286,1,0.307,0.0174,1.54E-06,0.042,180.088,202227,4
2SLwbpExuoBDZBpjfefCtV,Out of Time,The Weeknd,0.65,0.76,0,-4.422,0,0.0446,0.255,0,0.339,93.057,214194,4
6Ab81Bs9fcOwaTYuBsUUpI,Eazy (feat. Kanye West),The Game,0.716,0.551,1,-6.987,1,0.47,0.167,0,0.197,82.393,234288,4
0mL82sxCRjrs3br407IdJh,Is There Someone Else?,The Weeknd,0.702,0.586,9,-7.83,0,0.0313,0.0388,7.27E-05,0.156,134.951,199111,4
4TGwERXRlyQtBdggYTHo6j,"Entre Nosotros (feat. , LIT killah, Maria Becerra, con Nicki Nicole) [Remix]",Tiago PZK,0.7,0.438,5,-5.784,0,0.0433,0.401,0,0.373,170.106,260000,3
2KnLkZ3z7PO3kgVGHGqDpD,It'll Be Okay,Shawn Mendes,0.398,0.286,7,-11.881,1,0.033,0.616,0.000146,0.0912,78.262,222800,4
37BZB0z9T8Xu7U3e65qxFy,Save Your Tears (with Ariana Grande) [Remix],The Weeknd,0.65,0.825,0,-4.645,1,0.0325,0.0215,2.44E-05,0.0936,118.091,191014,4
5dXWFMwD7I7zXsInONVl0H,I Hate U,SZA,0.535,0.388,7,-9.805,0,0.155,0.507,0,0.11,106.703,174000,5
3nOz1U41SZZ0N3fuUWr9nb,I AM WOMAN,Emmy Meli,0.646,0.471,10,-9.247,1,0.157,0.122,0,0.125,170.084,232813,4
3KyKxJ4P3pVCgaZwaq2rUC,Gasoline,The Weeknd,0.728,0.741,6,-7.075,0,0.0473,0.000582,0.00206,0.33,123.006,212166,4
2Ghp894n1laIf2w98VeAOJ,How Do I Make You Love Me?,The Weeknd,0.805,0.498,7,-7.927,0,0.0737,0.0203,2.37E-05,0.085,121.006,214215,4
2D4dV2KXDTszzJ3p3cFqhA,Less Than Zero,The Weeknd,0.535,0.791,0,-5.55,1,0.0327,0.00096,0.000155,0.0788,142.981,211814,4
7sMBvZCSUl99bJLXZaLa0b,Smokin Out The Window,"Bruno Mars, Anderson .Paak Silk Sonic",0.627,0.618,2,-8.529,1,0.0437,0.0558,0,0.351,82.03,197443,4
0lEjxUUlKqjqXrVlIHFduD,P power (feat. Drake),Gunna,0.828,0.591,1,-6.217,1,0.109,0.0199,0.000323,0.361,119.251,193347,4
09gysnJpfQ3ublBmJDfcEC,SAD GIRLZ LUV MONEY Remix (feat. Kali Uchis and Moliy),Amaarae,0.87,0.523,1,-8.052,0,0.0602,0.433,2.07E-05,0.113,110.02,204764,4
4b1yxSdlumA8N4fEk4UOZp,"The Family Madrigal (feat. Olga Merediz, Encanto)",Stephanie Beatriz,0.594,0.628,1,-6.345,1,0.359,0.12,0,0.0582,141.391,257213,4
0eu4C55hL6x29mmeAjytzC,Life Goes On,Oliver Tree,0.7,0.49,0,-5.187,1,0.076,0.186,0,0.117,79.982,161803,4
2vgUijXOTRMnWXDtvgMp2b,Take My Breath,The Weeknd,0.698,0.769,8,-7.154,1,0.0368,0.0128,0.00166,0.238,121.02,339023,4
1c4htMHiolERc0YJvZNdlc,Vai Lá Em Casa Hoje (feat. Marília Mendonça),George Henrique & Rodrigo,0.456,0.83,8,-3.646,0,0.281,0.53,0,0.968,157.628,191524,4
3XoYqtiWHhsk59frZupImG,What Else Can I Do? (feat. Stephanie Beatriz),Diane Guerrero,0.718,0.709,4,-5.568,1,0.039,0.258,0,0.101,119.974,179427,4
5rohUzwEoRsUvAA1Bf3DLo,Dos Oruguitas,Sebastian Yatra,0.423,0.355,0,-10.565,1,0.0454,0.761,0,0.0915,93.788,214613,4
6nkoWsFZeFt5dUdNmlIceh,Bloqueado - Ao Vivo,Gusttavo Lima,0.828,0.721,1,-4.274,0,0.0558,0.153,0,0.547,129.092,168689,4
6P096SaOzrgGxs8NWOfX7M,Salimo de Noche (feat. Trueno),Tiago PZK,0.669,0.628,2,-4.177,1,0.0526,0.294,1.83E-05,0.124,83.803,177857,4
3eJH2nAjvNXdmPfBkALiPZ,Acapulco,Jason Derulo,0.774,0.792,10,-4.021,1,0.0523,0.051,0,0.155,122.062,139672,4
5Ts1DYOuouQLgzTaisxWYh,Love Grows (Where My Rosemary Goes),Edison Lighthouse,0.568,0.824,9,-4.613,1,0.0299,0.403,0,0.0855,108.625,174760,4
7bp3zmEvpHLa0h32nhDUkB,L’enfer,Stromae,0.4,0.547,2,-8.381,0,0.177,0.33,0,0.241,177.595,189720,4
1E5Xu8dur0fAjSP1VpVhAZ,Best Friends,The Weeknd,0.737,0.564,4,-7.045,0,0.105,0.436,0,0.351,90,163504,4
4qsOrxBv09HhNSpsgMRXdC,Esqueça-Me Se For Capaz (feat. Maiara & Maraisa),Marília Mendonça,0.799,0.685,6,-5.366,0,0.0725,0.276,0,0.13,122.013,169059,4
1NhjYYcYTRywc0di98xHxf,"Here We Go… Again (feat. Tyler, the Creator)",The Weeknd,0.469,0.623,1,-4.432,1,0.0302,0.345,0,0.588,134.943,209778,4
68HocO7fx9z0MgDU0ZPHro,Every Summertime,NIKI,0.628,0.676,6,-4.227,1,0.0424,0.393,6.94E-05,0.0978,78.996,215687,4
6IAZHEBUIGJ6NJKxxOBIEr,Rolling in the Deep,Adele,0.73,0.769,8,-5.114,1,0.0298,0.138,0,0.0473,104.948,228093,4
4HzqWEdAbzcVFDv0pvxV4w,Sobrio,Maluma,0.762,0.77,5,-2.758,1,0.223,0.138,0,0.15,177.998,201181,4
6f3Slt0GbA2bPZlz0aIFXN,The Business,Tiësto,0.798,0.62,8,-7.079,0,0.232,0.414,0.0192,0.112,120.031,164000,4
0yL7K9MzC20uBesZTPY81r,"Pandora (feat. Menor MC, MC GP, Vulgo FK)",DJ Matt D,0.688,0.458,1,-9.138,0,0.588,0.14,0,0.407,124.553,177000,4
4hJhHbkhZFnxmWbAkZRoe0,Peru (feat. Ed Sheeran),Fireboy DML,0.956,0.417,7,-7.892,0,0.0926,0.572,0.00071,0.0782,108.015,187111,4
29TPjc8wxfz4XMn21O7VsZ,Sky,Playboi Carti,0.785,0.903,2,-4.184,1,0.21,0.258,0,0.169,139.98,193234,4
7n2FZQsaLb7ZRfRPfEeIvr,ELEVEN,IVE,0.828,0.731,9,-3.033,1,0.111,0.0617,0,0.048,119.978,178453,4
0k1WUmIRnG3xU6fvvDVfRG,Way 2 Sexy (with Future & Young Thug),Drake,0.803,0.597,11,-6.035,0,0.141,0.000619,4.50E-06,0.323,136.008,257605,4
1kjs5eR4DMzyB0gm1Z8waV,DANCE CRIP,Trueno,0.857,0.766,0,-3.699,1,0.0978,0.108,0,0.0817,106.024,165019,4
3JCaq3KDSROg3TXhdiDa9n,Ley Seca (feat.  Anuel AA),Jhay Cortez,0.759,0.842,8,-3.758,1,0.096,0.101,0,0.134,105.059,263253,4
4pt5fDVTg5GhEvEtlz9dKk,I WANNA BE YOUR SLAVE,Måneskin,0.75,0.608,1,-4.008,1,0.0387,0.00165,0,0.178,132.507,173347,4
5VTjBl3ddZEiG2LrH4VzyR,Toma Toma Vapo Vapo (feat. Mc Danny),Zé Felipe,0.763,0.859,4,-3.3,0,0.0479,0.322,0.0003,0.117,164.055,156760,4
0WSEq9Ko4kFPt8yo3ICd6T,Praise God,Kanye West,0.798,0.545,1,-6.466,1,0.168,0.00904,9.48E-05,0.258,118.029,226653,4
1FlL8ycld6uVDDyhV7P5FA,Cúrame,Rauw Alejandro,0.765,0.625,9,-3.599,0,0.0548,0.584,0.00111,0.112,102.101,164706,4
4cG7HUWYHBV6R6tHn1gxrl,"Friday (feat. Nightcrawlers, Mufasa & Hypeman, Dopamine Re-Edit)",Riton,0.824,0.862,2,-3.424,1,0.126,0.0076,0.000132,0.303,122.98,169153,4
4XvcHTUfIlWfyJTRG0aqlo,2055,Sleepy Hallow,0.829,0.512,6,-5.865,0,0.187,0.492,0,0.12,80.511,123987,4
45bE4HXI0AwGZXfZtMp8JR,you broke me first,Tate McRae,0.667,0.373,4,-9.389,1,0.05,0.785,0,0.0906,124.148,169266,4
5JCoSi02qi3jJeHdZXMmR8,favorite crime,Olivia Rodrigo,0.369,0.272,9,-10.497,1,0.0364,0.866,0,0.147,172.929,152667,4
2VxeLyX666F8uXCJ0dZF8B,Shallow (feat. Bradley Cooper),Lady Gaga,0.572,0.385,7,-6.362,1,0.0308,0.371,0,0.231,95.799,215733,4
6E90gq0KO6FYZVOXx8kCcC,Astronaut In The Ocean,Masked Wolf,0.778,0.695,4,-6.865,0,0.0913,0.175,0,0.15,149.996,132780,4
05bfbizlM5AX6Mf1RRyMho,"AM [Remix ] (feat. J Balvin, Bad Bunny)",Nio Garcia,0.743,0.655,6,-5.015,0,0.159,0.114,0,0.0764,172.031,261335,4
3U4isOIWM3VvDubwSI3y7a,All of Me,John Legend,0.422,0.264,8,-7.064,1,0.0322,0.922,0,0.132,119.93,269560,4
1qE8DOtw7zdXHMgZm20eLM,The Feels,TWICE,0.808,0.903,9,-2.179,1,0.0729,0.0899,0,0.0816,120.044,198053,4
6Dy1jexKYriXAVG6evyUTJ,"OUT OUT (feat. Jax Jones, Charli XCX & Saweetie)",Joel Corry,0.787,0.833,8,-4.403,1,0.0478,0.018,0.00747,0.0374,123.97,162604,4
5UlnuulVAVmmesw4VzqHdG,Enemy - From the series Arcane League of Legends,Imagine Dragons,0.722,0.745,7,-4.164,1,0.256,0.247,0,0.419,77.029,173381,4
04sN26COy28wTXYj3dMoiZ,Bored,Billie Eilish,0.614,0.318,7,-12.695,1,0.0478,0.896,0.00239,0.0795,119.959,180933,4
6D2TCm4nf5nxAcdGJ7w3QP,Qué Más Pues? (feat. Maria Becerra),J Balvin,0.903,0.817,8,-3.972,1,0.095,0.0272,0.000311,0.242,102.014,217360,4
1J14CdDAvBTE1AJYUOwl6C,Arcade,Duncan Laurence,0.453,0.35,9,-11.639,0,0.0425,0.827,0.00122,0.144,72.017,185147,3
3FAJ6O0NOHQV8Mc5Ri6ENp,Heartbreak Anniversary,Giveon,0.449,0.465,0,-8.964,1,0.0791,0.524,1.02E-06,0.303,89.087,198371,3
5902W4uHWzhtOff1UK7the,When I’m Gone (with Katy Perry),Alesso,0.685,0.886,0,-4.179,1,0.034,0.028,0,0.481,125.034,161267,4
3QFInJAm9eyaho5vBzxInN,family ties (with Kendrick Lamar),Baby Keem,0.711,0.611,1,-5.453,1,0.33,0.00588,0,0.23,134.093,252262,4
32BeYxKPrig1LefHsC0Xuo,Happier Than Ever - Edit,Billie Eilish,0.334,0.599,0,-5.742,1,0.0365,0.0468,0.000392,0.205,161.74,151444,3
4cktbXiXOapiLBMprHFErI,Memories,Maroon 5,0.775,0.327,11,-7.241,1,0.0557,0.841,0,0.0821,91.05,189486,4
7iHHlCbsFou5DZSW5HCPfs,"Ella - Remix (feat. Lunay, Lenny Tavárez, Juhn, Beéle)",Boza,0.747,0.812,3,-4.274,0,0.111,0.341,0.000131,0.174,180.062,330478,4
18vXApRmJSgQ6wG2ll9AOg,RAPSTAR,Polo G,0.789,0.536,6,-6.862,1,0.242,0.41,0,0.129,81.039,165926,4
04S1pkp1VaIqjg8zZqknR5,Enchanted,Taylor Swift,0.535,0.618,8,-3.913,1,0.0273,0.0716,0.000388,0.169,81.975,352200,4
0hQNbQKW2dDATH1ngj4TI6,WA DA DA,Kep1er,0.785,0.907,10,-2.657,1,0.0938,0.00122,3.11E-06,0.213,126.004,183693,4
0cOa970mzTWAxKtltpkpLc,Miénteme (feat. Maria Becerra),TINI,0.85,0.541,2,-4.522,1,0.0674,0.161,5.01E-06,0.286,92.003,165275,4
72g37RoelSnovZakG5MwnF,Parada Louca (feat. Marcynho Sensação),Mari Fernandez,0.693,0.936,7,-1.322,1,0.0524,0.302,0,0.339,166.034,179032,4
40iJIUlhi6renaREYGeIDS,Fair Trade (with Travis Scott),Drake,0.666,0.465,1,-8.545,1,0.26,0.0503,0,0.215,167.937,291175,4
4qu63nuBpdn0qHUHuObEj1,Leave Before You Love Me (with Jonas Brothers),Marshmello,0.721,0.738,7,-4.77,1,0.0403,0.00226,4.41E-06,0.118,119.976,154983,4
6gBFPUFcJLzWGx4lenP6h2,goosebumps,Travis Scott,0.841,0.728,7,-3.37,1,0.0484,0.0847,0,0.149,130.049,243837,4
0bBd6K5X4W7t9GyXcaVOA7,Sigue (feat. Ed Sheeran),J Balvin,0.889,0.641,7,-4.494,1,0.0668,0.0515,2.75E-05,0.19,87.99,159387,4
3XjN0mvFkQp1FMVM9Ro5hm,RUMBATÓN,Daddy Yankee,0.685,0.909,3,-4.034,0,0.0396,0.0471,0,0.35,95.004,248769,4
2bdqU7C4softKNcMYDFi96,chaotic,Tate McRae,0.412,0.382,2,-7.023,0,0.0497,0.59,0,0.0931,81.493,178721,3
50eJOxJiGmJ7PBZaTKpje1,make up sex (feat. blackbear),Machine Gun Kelly,0.665,0.678,5,-4.122,0,0.0315,0.00156,0,0.474,131.986,122570,4
6HJIZUOiZDE814XMhRGSZN,Soy El Unico,Yahritza Y Su Esencia,0.708,0.449,4,-4.369,0,0.0286,0.451,0,0.111,84.396,214000,1
2oBMZYteeO8DyXV9gDx6Za,Feel My Rhythm,Red Velvet,0.412,0.94,1,-2.171,1,0.215,0.0648,0,0.358,157.964,210253,4
0DGTcMqvVR7fmBXgiG6jz4,Just A Cloud Away,Pharrell Williams,0.89,0.46,2,-8.155,1,0.0359,0.432,0,0.11,112.555,176078,3
5UWwZ5lm5PKu6eKsHAGxOk,Everlong,Foo Fighters,0.413,0.881,11,-5.541,0,0.0367,5.99E-05,0.000308,0.0805,158.066,250547,4
65MqlYPOWReasKWcuCaOCW,REMIX,Daddy Yankee,0.819,0.781,1,-4.879,1,0.0547,0.0323,0.0012,0.121,100.062,163680,4
3tBZ60j1jQ7NJm8IjelyQe,emo girl (feat. WILLOW),Machine Gun Kelly,0.412,0.881,2,-3.502,1,0.087,0.00039,5.82E-05,0.923,165.012,159096,4
0MMyJUC3WNnFS1lit5pTjk,"jealousy, jealousy",Olivia Rodrigo,0.695,0.575,10,-6.334,0,0.116,0.198,0,0.0614,163.929,173160,4
272vIYVYzfAgHUQRUYWmhP,PARA SIEMPRE (feat. Sech),Daddy Yankee,0.794,0.828,8,-5.883,0,0.0756,0.0999,0,0.102,90.015,210333,4
7BqBn9nzAq8spo5e7cZ0dJ,Just the Way You Are,Bruno Mars,0.635,0.841,5,-5.379,1,0.0422,0.0134,0,0.0622,109.021,220734,4
50kpGaPAhYJ3sGmk6vplg0,Love Yourself,Justin Bieber,0.609,0.378,4,-9.828,1,0.438,0.835,0,0.28,100.418,233720,4
51Zw1cKDgkad0CXv23HCMU,Daylight,Harry Styles,0.686,0.445,0,-7.189,1,0.0398,0.484,0.00144,0.175,145.5,164533,3
3i058E8uxTsYqJ5NWZzqSj,Little Freak,Harry Styles,0.559,0.535,3,-7.723,1,0.039,0.719,0.000143,0.0954,141.96,202183,4
06JvOZ39sK8D8SqiqfaxDU,True Love (feat. XXXTENTACION),Kanye West,0.712,0.861,5,-5.487,0,0.25,0.0182,6.09E-06,0.511,84.042,148571,4
4j6kId9QIqhoXvqHKgSKa0,Grapejuice,Harry Styles,0.645,0.721,5,-4.394,1,0.0336,0.357,0.143,0.204,182.928,191959,4
0rzaRSujxA0bKyjJl6vHYq,Satellite,Harry Styles,0.576,0.457,0,-6.473,1,0.0304,0.143,3.05E-05,0.0917,138.984,218577,4
2FeBslNBMdR9V58uv6hd2t,N95,Kendrick Lamar,0.79,0.67,1,-5.527,1,0.105,0.377,2.32E-06,0.119,139.956,195950,4
1mw0RgNXIpYRyyCdBQbLgA,Love Of My Life,Harry Styles,0.555,0.536,7,-8.233,1,0.0452,0.669,0,0.0623,118.057,191638,4
35TyJIMR3xRouUuo2sjS6v,Cinema,Harry Styles,0.829,0.644,9,-7.696,0,0.0427,0.354,0.0511,0.0944,105.993,243508,4
69w5X6uTrOaWM32IetSzvO,Daydreaming,Harry Styles,0.707,0.811,4,-5.298,0,0.0304,0.311,0.0152,0.131,113.971,187342,4
2NcQic8JxdjAlAHuNbOIRE,Keep Driving,Harry Styles,0.721,0.479,9,-9.669,1,0.226,0.321,0.00156,0.182,164.948,140242,3
6gI9b2VsoWhjhIuIeToDVs,"Die Hard (feat. Blxst, Amanda Reifer)",Kendrick Lamar,0.775,0.736,1,-8.072,0,0.247,0.319,0.00116,0.127,100.988,239027,4
6qj02zSeEJGWZ4c0dn5QzJ,Boyfriends,Harry Styles,0.417,0.202,0,-10.976,1,0.0357,0.935,0,0.108,118.029,194544,4
6hFwju6M40CKovKBPu5IpY,ACORDA PEDRINHO,Jovem Dionisio,0.876,0.359,11,-11.169,0,0.341,0.187,1.71E-06,0.666,124.016,173085,4
18HOjcvTVV7W8YzBuOsAPS,Un Verano Sin Ti,Bad Bunny,0.503,0.496,5,-9.123,0,0.0556,0.693,0,0.123,187.844,148143,4
2NMjggapJcXXM7WccGEBUO,Enséñame a Bailar,Bad Bunny,0.81,0.789,8,-5.08,1,0.0846,0.191,1.08E-05,0.467,105.009,176000,4
6EbVuwU7EnKeF2hdpViXCH,Die Young (feat. 347aidan),Sleepy Hallow,0.808,0.582,11,-6.26,1,0.338,0.827,0,0.111,77.471,148817,4
1r8ZCjfrQxoy2wVaBUbpwg,Thousand Miles,The Kid LAROI,0.376,0.657,7,-4.658,1,0.0768,0.0858,0,0.0884,80.565,164782,4
0UvZcEfpzVyx47QsRbjyBz,El Apagón,Bad Bunny,0.629,0.698,8,-4.485,1,0.308,0.0509,0.00166,0.0909,117.765,201816,4
63WuQOXohQIxOxIFA2K7bR,SUPERMODEL,Måneskin,0.636,0.876,7,-3.413,1,0.0555,0.00164,0,0.117,120.983,148064,4
0wihfILRNOwE2156Shezc8,Agosto,Bad Bunny,0.849,0.584,1,-8.195,0,0.115,0.0929,6.18E-06,0.492,115.018,139041,4
3sa06xVNmLLYIxdNNmVQN8,Where Did You Go? (feat. MNEK),Jax Jones,0.763,0.782,7,-4.541,0,0.0346,0.182,7.08E-06,0.293,127.034,177689,4
6Qyc6fS4DsZjB2mRW9DsQs,Iris,The Goo Goo Dolls,0.315,0.715,11,-8.072,0,0.0362,0.00125,7.97E-06,0.0942,155.925,289533,3
5oH4DQAuu1J1800RzUsBWa,That That (prod. & feat. SUGA of BTS),PSY,0.905,0.962,4,-3.197,1,0.0856,0.0299,0,0.0272,129.969,174647,4
6kYGOFNUMxpab09L5Ukoke,Rich Spirit,Kendrick Lamar,0.852,0.421,10,-9.153,0,0.208,0.428,2.28E-06,0.106,95.977,202285,4
0LnS7aOdOdI1dNKZqdOLz4,Dua Lipa,Jack Harlow,0.833,0.652,11,-6.942,1,0.0762,0.00161,0.0985,0.106,158.022,135053,4
1qMMYpVatbRITKCfq1gasi,PUFFIN ON ZOOTIEZ,Future,0.883,0.657,8,-5.748,1,0.305,0.0603,0,0.128,124.992,172933,4
2NWaWZZLFMcr5P4uI2KvWy,En El Radio Un Cochinero,Victor Cibrian,0.696,0.623,6,-8.738,0,0.0438,0.466,8.61E-06,0.0983,154.028,223431,3
30W8VKHrAZmHzObnwAoc1u,TUS LÁGRIMAS (feat. Sech),Mora,0.683,0.714,1,-4.898,1,0.252,0.181,1.00E-06,0.111,173.963,174483,4
3ehHqgYRzmeUi345MfHS2N,París (feat. Duki),Morat,0.582,0.804,11,-4.155,1,0.0389,0.0493,0,0.0624,138.014,182188,4
3jjujdWJ72nww5eGnfs2E7,Adore You,Harry Styles,0.676,0.771,8,-3.675,1,0.0483,0.0237,7.00E-06,0.102,99.048,207133,4
296nXCOv97WJNRWzIBQnoj,FEARLESS,LE SSERAFIM,0.863,0.62,7,-7.167,1,0.135,0.0508,0.00324,0.129,103.971,168437,4
6Jkm5kUldvIqxzI1Pa7nXH,10 Things I Hate About You,Leah Kate,0.544,0.786,8,-2.97,1,0.0501,0.00991,0,0.169,153.967,157138,4
0Q5VnK2DYzRyfqQRJuUtvi,LOVE DIVE,IVE,0.703,0.709,1,-4.169,0,0.0433,0.00379,5.43E-05,0.333,117.941,177187,4
2qmG7dokbGpDGD0T5wORWt,Balanço da Rede (feat. Xand Avião),Matheus Fernandes,0.764,0.796,6,-4.611,0,0.033,0.193,0,0.0853,140.072,166436,4
75UMtPC77vqKRwfSuYuNPO,San Lucas,Kevin Kaarl,0.577,0.363,7,-12.378,1,0.0263,0.86,0.000282,0.0868,91.511,247197,4
3tYTyAt1q6BFBiGyYVOLhi,Silent Hill (feat. Kodak Black),Kendrick Lamar,0.907,0.577,1,-6.737,0,0.0767,0.438,3.19E-05,0.137,140.07,220779,4
05zd5Nv0e02ZqrlC8A2cwx,United In Grief,Kendrick Lamar,0.529,0.845,8,-8.142,1,0.404,0.244,0,0.143,85.63,255378,3
2XRn6Qu0Wd1KvOND8JbaTx,Beautiful Girl,Luciano,0.839,0.412,11,-8.816,0,0.0935,0.287,0.000796,0.101,139.901,179187,4
4IaxDf2FixiQXq0mW7key9,ZOOM,Jessi,0.874,0.6,6,-6.064,1,0.158,0.00942,0,0.126,100.012,174840,4
0U1W2LZVUX7qTm7dDpqxh6,When You're Gone,Shawn Mendes,0.603,0.691,5,-5.805,1,0.0372,0.0248,0,0.583,147.148,172267,4
69xohKu8C1fsflYAiSNbwM,Run BTS,BTS,0.724,0.818,8,-3.747,1,0.168,0.0201,0,0.0358,77.004,204940,4
4JzCFEc3O2UEdjKzevvFH5,For Youth,BTS,0.633,0.511,2,-5.665,1,0.0368,0.434,0,0.248,116.855,264481,3
1IthE5GNiRzFN5CVaCa445,Born Singer,BTS,0.602,0.841,8,-3.334,0,0.109,0.0354,0,0.235,157.937,238628,4
3S68RFe1lsdCdTMPIMJM3X,"Cash In Cash Out (feat. 21 Savage, Tyler, The Creator)",Pharrell Williams,0.877,0.56,7,-3.751,1,0.0596,0.00721,1.45E-06,0.0839,119.971,216136,4
1BkY0N8ChFk2mdLbAUu8ZK,Pass The Dutchie,Musical Youth,0.805,0.418,7,-14.374,1,0.0979,0.459,0,0.288,149.724,205427,4
6kxaaIeowajN7w21PfMLbu,So Good,Halsey,0.576,0.627,3,-4.649,0,0.0449,0.0385,0,0.181,164.998,176059,4
6ojZtz3sZr6ynvejLOqgCj,Nos Comemos (feat. Ozuna),Tiago PZK,0.827,0.819,6,-3.701,1,0.052,0.1,0,0.089,92.017,191087,4
31tf1qEai5o5f4r66Kd0pU,Me and Your Mama,Childish Gambino,0.554,0.433,5,-12.628,1,0.0341,0.0116,0.0449,0.0667,117.996,379227,3
4RtPruLRZbyirtJGqYHPQm,Antes de Perderte,Duki,0.812,0.925,5,-3.092,0,0.113,0.487,0,0.115,110.031,176727,4
5W7DOVGQLTigu09afW7QMT,295,Sidhu Moose Wala,0.557,0.794,11,-5.698,0,0.2,0.179,0,0.106,91.366,270000,4
4a9tbd947vo9K8Vti9JwcI,Boy With Luv (feat. Halsey),BTS,0.645,0.862,11,-4.761,0,0.0845,0.0933,0,0.193,119.947,229773,4
0rKtyWc8bvkriBthvHKY8d,SLOW DANCING IN THE DARK,Joji,0.515,0.479,3,-7.458,1,0.0261,0.544,0.00598,0.191,88.964,209274,4
1HvTxgCj0mTzQlEo0zLvFb,In My Head,Lil Tjay,0.684,0.545,1,-6.885,1,0.121,0.159,0,0.102,143.049,135264,4
40w8JmvwYUP2HUiXPxjy99,"Me Arrepentí (feat. Pailita, Cris Mj)",Ak4:20,0.861,0.786,0,-4.934,1,0.164,0.289,0,0.601,92.031,232000,4
6bQ5823aHmFVKLZW8E7rRo,"Si Quieren Frontear (feat. De La Ghetto, Quevedo)",Duki,0.789,0.837,10,-3.247,1,0.23,0.125,0,0.209,81.536,200337,4
1ZMiCix7XSAbfAJlEZWMCp,Falling,Harry Styles,0.567,0.267,4,-6.502,1,0.0299,0.839,1.46E-06,0.089,110.011,240133,4
4WghJOMjDpGdlk3b8aJIgy,up at night (feat. justin bieber),Kehlani,0.563,0.756,0,-3.852,0,0.0579,0.196,0,0.245,100.012,182227,4
45S5WTQEGOB1VHr1Q4FuPl,Golden,Harry Styles,0.448,0.838,4,-5.257,0,0.0557,0.21,0.000131,0.131,139.863,208907,4
7afaZ37wJJL6880z1NRgJS,Fim de Semana no Rio,Teto,0.867,0.494,1,-6.514,0,0.084,0.118,0,0.101,118.868,165882,4
3TSLqZssCoCdDlMhCJ08XW,Still Life,BIGBANG,0.68,0.584,8,-4.457,1,0.034,0.443,0,0.0628,118.06,188369,4
0B7wvvmu9EISAwZnOpjhNI,When I Was Your Man,Bruno Mars,0.601,0.271,0,-8.688,1,0.0403,0.937,0,0.144,145.494,213827,4
5Ohxk2dO5COHF1krpoPigN,Sign of the Times,Harry Styles,0.516,0.595,5,-4.63,1,0.0313,0.0275,0,0.109,119.972,340707,4
3hRV0jL3vUpRrcy398teAU,The Night We Met,Lord Huron,0.544,0.369,2,-9.514,1,0.038,0.969,0.279,0.639,87.01,208212,3
7KA4W4McWYRpgf0fWsJZWB,See You Again (feat. Kali Uchis),Tyler The Creator,0.558,0.559,6,-9.222,1,0.0959,0.371,7.49E-06,0.109,78.558,180387,4
3QGxgNaqaFSpORp2OVLXHR,212 (feat. Mainstreet),Chefin,0.789,0.519,2,-4.84,0,0.0697,0.659,0,0.085,154.037,150610,4
1G1R0XgChe18Zr1o6tlmN6,Watercolor Eyes - From “Euphoria” An HBO Original Series,Lana Del Rey,0.444,0.26,7,-10.045,1,0.0316,0.964,0.0815,0.125,120.443,211613,4
3xRH6FPVtheDyNla3T1FE7,Hrs & Hrs,Muni Long,0.511,0.525,8,-4.595,0,0.183,0.604,0,0.111,139.885,204317,3
10hMM5nsZQf66ldBlgWBfG,All For Us - from the HBO Original Series Euphoria (ft. Zendaya),Labrinth,0.348,0.652,3,-7.145,1,0.0931,0.0165,0.000264,0.33,70.956,192987,4
3M0lSi5WW79CXQamgSBIjx,Swim,Chase Atlantic,0.666,0.542,8,-6.429,1,0.0392,0.27,0,0.0765,120.134,228787,4
3oRW9ZGPRbLRMneQ5lwflt,Waiting On A Miracle,Stephanie Beatriz,0.48,0.554,1,-8.145,0,0.069,0.171,0,0.131,190.066,161840,3
1mSviQV9iQnGSRyvTIuxAj,Problemón (feat. Rauw Alejandro),Alvaro Diaz,0.706,0.739,10,-3.753,1,0.0586,0.266,2.62E-05,0.126,91.906,192613,4
186NCtNk1tUYS7c2DxgJ7O,Christmas Tree,V,0.437,0.384,5,-8.384,1,0.042,0.699,2.33E-05,0.121,139.009,209947,4
7m9OqQk4RVRkw9JJdeAw96,Jocelyn Flores,XXXTENTACION,0.872,0.391,0,-9.144,0,0.242,0.469,4.13E-06,0.297,134.021,119133,4
2SJZdZ5DLtlRosJ2xHJJJa,Chance,Paulo Londra,0.721,0.463,1,-9.483,0,0.0646,0.241,0,0.0929,137.915,204003,3
73cnVqsbZygieKi8xF10sO,psychofreak (feat. WILLOW),Camila Cabello,0.629,0.64,7,-7.638,0,0.0752,0.342,1.17E-05,0.0928,179.989,201495,4
6bTdZ7xfKp3NqqADJ8HLyj,"Vampiro (feat. WIU, Teto)",Matuê,0.782,0.643,8,-4.956,0,0.0438,0.0136,0,0.0654,114.994,250435,4
6ws54n2IzyrIxxyzlG2bVJ,Right On,Lil Baby,0.535,0.618,2,-5.668,1,0.382,0.0245,0,0.103,165.991,213976,4
1jIMjbzcGCcCQn5iMu9CUc,That's Hilarious,Charlie Puth,0.714,0.442,6,-5.909,1,0.0605,0.742,0,0.114,108.039,146855,4
4QWumyD2uwiePBBha9XBHI,No Ouvidinho,Felipe Amorim,0.885,0.834,3,-3.374,1,0.0394,0.403,3.22E-05,0.0865,124.018,183871,4
2Foc5Q5nqNiosCNqttzHof,Get Lucky (feat. Pharrell Williams & Nile Rodgers) - Radio Edit,Daft Punk,0.794,0.811,6,-8.966,0,0.038,0.0426,1.07E-06,0.101,116.047,248413,4
2uky0VCI2EZni0nArOPznM,"Paulo Londra: Bzrp Music Sessions, Vol. 23 (feat. Paulo Londra)",Bizarrap,0.456,0.91,0,-2.659,1,0.136,0.256,0,0.0921,95.927,258542,4
2gzhQaCTeNgxpeB2TPllyY,With you (feat. HA SUNG WOON),Jimin,0.532,0.426,3,-6.117,1,0.0288,0.639,0,0.134,149.898,201905,3
6Z165JvPnS8PYvGW8oLGLc,Flowers,Lauren Spencer Smith,0.684,0.449,3,-9.738,1,0.611,0.869,0,0.0881,66.165,157373,4
123hB20IVD2yw1NMIgrqb3,İmdat,cakal,0.786,0.748,4,-7.568,0,0.162,0.267,3.76E-06,0.0729,133.967,136120,4
5IQvs70wHdurk63TnCV6ZP,We Made It (feat. Miksu / Macloud),t-low,0.782,0.711,5,-5.383,0,0.0558,0.585,8.26E-06,0.26,116.049,211827,4
2UN0lp72LAusrXi8LLVomt,2step (feat. Lil Baby),Ed Sheeran,0.693,0.643,4,-5.867,0,0.0828,0.138,0,0.108,95.055,163450,4
1dp8aQANyTRKssDeAYPiZe,Scrape It Off (feat. Lil Uzi Vert & Don Toliver),Pusha T,0.594,0.679,7,-3.702,1,0.345,0.484,7.83E-06,0.114,106.726,152613,5
6fxVffaTuwjgEk5h9QyRjy,Photograph,Ed Sheeran,0.614,0.379,4,-10.48,1,0.0476,0.607,0.000464,0.0986,107.989,258987,4
6OrTKLtcF7EBayOV2QqkSK,"Hold That Heat (feat. Future, Travis Scott)",Southside,0.744,0.608,2,-6.386,1,0.0442,0.0295,0,0.397,130.045,221538,4
4xIhSUJantE6BMl3u8dtCJ,Father Time (feat. Sampha),Kendrick Lamar,0.514,0.779,10,-4.365,0,0.344,0.181,0,0.099,152.869,222497,4
7pj6P5WnxkZsw3XRc8eMe1,Count Me Out,Kendrick Lamar,0.776,0.431,4,-7.544,0,0.091,0.671,0,0.153,133.999,283642,4
0YeUVm23SAkUruwEx9LWnt,"Savior (feat. Baby Keem, Sam Dew)",Kendrick Lamar,0.605,0.692,8,-7.45,1,0.446,0.495,0,0.303,124.84,224466,5
5uU1uuyaUIBOiiUSQG7Wl3,You Proof,Morgan Wallen,0.731,0.85,9,-4.913,1,0.0336,0.252,0,0.605,119.706,157478,4
6OZwia8loN0aPS0vTvsBjR,TOUT VA BIEN (feat. Ninho & Naps),Alonzo,0.66,0.72,3,-5.874,0,0.0753,0.301,0,0.226,99.937,192960,4
2KdKh9vHbKW0tZLqtpxxI0,Honest (feat. Don Toliver),Justin Bieber,0.81,0.655,8,-6.779,0,0.0698,0.127,8.16E-05,0.105,150.002,193322,4
0RAvy97QRPzO2AfK5Dw6j3,We Cry Together (feat. Taylour Paige),Kendrick Lamar,0.648,0.68,11,-7.276,1,0.345,0.292,0,0.0808,106.89,341307,3
5p56JT5F9a1z9pwXnqTg7d,Worldwide Steppers,Kendrick Lamar,0.514,0.472,8,-11.106,0,0.368,0.753,0.00012,0.0746,77.215,203367,3
401160izncPtca3CmX3dvM,"Purple Hearts (feat. Summer Walker, Ghostface Killah)",Kendrick Lamar,0.567,0.824,3,-6.973,0,0.296,0.167,2.65E-06,0.149,138.202,329295,4
2Az5ykbQiZtFWtACCMvWlP,Rich - Interlude,Kendrick Lamar,0.481,0.406,7,-11.52,1,0.0775,0.864,0.000315,0.0869,91.589,103319,4
7zvfDihYiJ8RQ1nRcpKBF5,Mr. Morale (feat. Tanna Leone),Kendrick Lamar,0.727,0.53,9,-8.616,1,0.312,0.283,2.76E-05,0.392,174.025,210841,3
2IwbW2jd0Ncv99Aroe77Ru,Crown,Kendrick Lamar,0.355,0.245,1,-13.475,0,0.0358,0.801,9.11E-05,0.112,173.329,264299,4
19Fg3WrTfo35Ji3PtfZE6J,Auntie Diaries,Kendrick Lamar,0.52,0.375,0,-13.409,1,0.358,0.745,0.0122,0.429,127.544,281070,5
5PPUw4Xo3Hz6rl4GpBfd3c,Savior - Interlude,Kendrick Lamar,0.618,0.43,5,-9.38,0,0.216,0.807,0,0.189,117.125,152986,4
5LOiuvbH62YGtnwe6Ltt4T,Mirror,Kendrick Lamar,0.652,0.67,2,-8.766,1,0.0639,0.225,1.40E-05,0.0804,91.933,256008,4
6NZOc8kO0Fxo0fLPvIdLnW,Mother I Sober (feat. Beth Gibbons of Portishead),Kendrick Lamar,0.492,0.369,8,-14.861,0,0.329,0.87,2.85E-05,0.11,140.012,406528,4
2vHzOWRKYPLu8umRPIFuOq,Stefania (Kalush Orchestra),KALUSH,0.832,0.817,2,-5.182,1,0.0422,0.145,0.00169,0.115,104.985,179546,4
5MMW4CZsZiZt2iuqAXzzWC,The Heart Part 5,Kendrick Lamar,0.7,0.812,1,-8.128,0,0.297,0.183,0,0.0756,97.405,332229,4
3EMp20j5E42MxfFbsEsIvD,Churchill Downs (feat. Drake),Jack Harlow,0.71,0.522,11,-9.102,1,0.36,0.615,0,0.11,96.448,309327,4
6Pif6RkFoYzLygdqktus4Q,The Foundations of Decay,My Chemical Romance,0.363,0.67,1,-6.652,0,0.0552,0.000582,0.548,0.317,150.15,360760,4
4d1CG5ei1E2vGbvmgf5KKv,This Love (Taylor’s Version),Taylor Swift,0.47,0.494,4,-8.672,1,0.0349,0.302,0,0.0672,144.039,250100,4
3XREkzDHsWdBL5tybyCDBH,SloMo,Chanel,0.728,0.814,1,-3.29,0,0.0571,0.125,0.00448,0.0927,104.962,176286,4
3nhGk6VnrDHy67pXvMhdPa,SPACE MAN,Sam Ryder,0.467,0.828,11,-2.22,1,0.0489,0.181,0,0.102,79.978,217320,4
2HbKqm4o0w5wEeEFXm2sD4,Money Trees (feat. Jay Rock),Kendrick Lamar,0.716,0.531,7,-7.355,1,0.122,0.0703,0,0.224,71.994,386907,4
1ZMGp9MTXbtAPvcKa0U3zS,Brividi (feat. BLANCO),Mahmood,0.523,0.614,7,-4.435,1,0.0347,0.448,0,0.254,122.962,199146,4
42Xba467wgGvYrR2EE6s0i,Cigarettes,Juice WRLD,0.597,0.615,2,-6.346,1,0.0421,0.0303,0,0.378,160.014,227527,4
79nEEoEPY2w8EXj9hjn5oc,Ginseng Strip 2002,Yung Lean,0.601,0.712,1,-9.433,1,0.0431,0.0848,0,0.479,114.998,154000,4
1PNs0uGru3TcrA94kpyGnc,Do We Have A Problem? (feat. Lil Baby),Nicki Minaj,0.842,0.505,1,-8.627,0,0.402,0.472,0.000322,0.117,119.993,207065,4
3a94TbZOxhkI9xuNwYL53b,Black Summer,Red Hot Chili Peppers,0.417,0.682,1,-5.071,1,0.0295,0.0267,0.000669,0.109,105.542,232412,4
0hluyTCTSua59xYuIRqpe5,Ovunque Sarai,Irama,0.359,0.434,0,-6.068,1,0.0305,0.582,0,0.205,79.133,200429,4
11iIikXxC6NP0Ma8vMD27x,Alien Blues,Vundabar,0.467,0.757,3,-5.093,1,0.033,0.0807,0.908,0.0876,82.282,155933,4
6BczFLHW9aIf9aWn5NFuNL,Don't Play That (feat. 21 Savage),King Von,0.947,0.605,10,-8.621,0,0.346,0.0748,7.54E-06,0.0901,129.988,133613,4
3t4KHjd8uQpJJ2fa0fRIpR,High,The Chainsmokers,0.601,0.787,0,-6.178,1,0.031,0.0492,0,0.142,134.981,175163,4
0jLeyuu6mtsD384054xLah,Ciao Ciao,La rappresentante di lista,0.747,0.819,4,-4.602,0,0.134,0.125,2.61E-06,0.331,117.994,184311,4
5elW2CKSoqjYoJ32AGDxf1,Polaroid Love,ENHYPEN,0.738,0.67,7,-3.766,0,0.0439,0.458,0,0.361,138.055,184602,4
6N22FZs2ZhPBYi3b9XPajV,Still Don't Know My Name,Labrinth,0.316,0.63,5,-5.963,1,0.117,0.471,0.262,0.205,89.643,153294,1
0GsZZWhBMIQXAmPYPJ3PRQ,INSUPERABILE,Rkomi,0.667,0.848,4,-5.195,0,0.0851,0.0344,0,0.183,122.035,172462,4
5HujDMiRNqZwEzVAh3oFD3,farfalle,sangiovanni,0.733,0.784,3,-5.211,1,0.0606,0.0927,0,0.195,120.016,164000,4
2t16D9V5FmmRAJjsSpwvZf,When I R.I.P.,Labrinth,0.417,0.551,8,-6.456,0,0.174,0.73,0.00166,0.0907,87.614,174568,4
2QWEMqQMJR1KDf6hDjJOs6,Arson,j-hope,0.938,0.798,1,-3.998,1,0.103,0.00813,7.03E-05,0.146,99.992,159762,4
7GARzfC1mwhDuk4t9WOACq,MORE,j-hope,0.783,0.722,2,-4.864,1,0.0357,0.00537,0.00209,0.105,97.031,180022,4
3ujiq7yK4Uan5z4876fHLK,Layla (feat. Schürze),DJ Robin,0.442,0.922,5,-2.918,0,0.0695,0.00134,0,0.432,140.082,185437,4
5lfWrciYtohtIMVDVZd0Rf,"Stay With Me (with Justin Timberlake, Halsey, & Pharrell)",Calvin Harris,0.81,0.733,9,-6.338,1,0.0444,0.276,6.73E-06,0.288,125.975,229283,4
4rmVZajAF7PkrCagGPHbqa,Sticky,Drake,0.853,0.495,6,-14.63,1,0.14,0.0917,0.000217,0.0844,137.027,243228,4
13Irp51zj01BZu2XtDrnAg,2 Be Loved [Am I Ready],Lizzo,0.721,0.769,7,-4.111,1,0.105,0.0922,0,0.0817,155.932,187108,4
0i4UV3HjjvsUuV3BajEXoD,"Baile no Morro (feat. Mc Vitin Da Igrejinha, Dj Win)",MC Tairon,0.714,0.404,3,-7.903,0,0.453,0.457,0,0.0701,130.088,140308,4
5PZAbR6JHYYV9xp5gv0XES,Bandido (feat. MC Mari),Zé Felipe,0.882,0.721,11,-2.851,0,0.0512,0.0958,0,0.0989,120.018,132045,4
737gzPI5VAmgUGWiJ9yXuu,"1, 2, 3 (feat. Jason Derulo & De La Ghetto)",Sofía Reyes,0.792,0.895,1,-3.112,0,0.0587,0.165,0,0.0501,94.968,201526,4
3gUzi41YOt3VExeyHSLsMj,s!r! (feat. Lazza & Sfera Ebbasta),thasup,0.675,0.739,6,-4.603,0,0.0524,0.387,0,0.177,149.959,237701,4
3AbNNvo2OmyeDMvRBgf9vk,"La Loto (feat. Becky G, Anitta)",TINI,0.855,0.83,1,-2.815,1,0.106,0.0783,1.31E-06,0.08,90.009,190667,4
21szgNA72iLwvBxHQLgwBh,die first,Nessa Barrett,0.444,0.669,8,-6.727,0,0.125,0.0669,0,0.124,183.441,177109,4
7CAdT0HdiQNlt1C7xk2hep,Stay Alive (Prod. SUGA of BTS),Jung Kook,0.512,0.76,2,-5.889,0,0.0682,0.299,0,0.103,130.096,210928,4
6N1K5OVVCopBjGViHs2IvP,The Joker And The Queen (feat. Taylor Swift),Ed Sheeran,0.528,0.309,0,-7.398,1,0.0329,0.924,2.10E-06,0.282,133.83,185422,4
4huBDGP4I3S0pYI0EaRN1c,"City of Gods (feat. Kanye West, Alicia Keys)",Fivio Foreign,0.474,0.801,8,-5.978,0,0.375,0.102,0,0.322,147.356,256000,4
4LwU4Vp6od3Sb08CsP99GC,The Next Episode (feat. Snoop Dogg),Dr. Dre,0.922,0.909,10,-2.429,0,0.27,0.0281,0,0.0856,95.295,161507,4
7lcI4X8RZxK4zIknJcwpBq,Bussin (feat. Lil Baby),Nicki Minaj,0.893,0.699,11,-8.059,1,0.0517,0.0576,3.02E-06,0.128,139.972,136761,4
7KXjTSCq5nL1LoYtL7XAwS,HUMBLE.,Kendrick Lamar,0.908,0.621,1,-6.638,0,0.102,0.000282,5.39E-05,0.0958,150.011,177000,4
6potEImiklXkwD9qFzpu15,Forever,Labrinth,0.563,0.459,4,-7.781,0,0.0292,0.92,0.724,0.11,79.983,202536,4
70pwY1UfPmSVE3ybPjFy0p,Worst Day,Future,0.646,0.597,1,-6.045,1,0.401,0.11,0,0.0958,88.506,184893,4
0fv2KH6hac06J86hBUTcSf,NEW MAGIC WAND (feat. The Creator),Tyler,0.621,0.73,5,-5.414,0,0.107,0.0967,0.000131,0.673,139.566,195320,4
35wvL50xvKpCHEJPxLOLPI,Si Estuviésemos Juntos,Bad Bunny,0.672,0.594,1,-6.813,0,0.0789,0.0626,5.14E-05,0.152,171.854,169248,4
35COLcFjvONwVv6jkG23gI,Boys Don't Cry,Anitta,0.589,0.842,5,-4.86,1,0.0372,0.00178,0,0.113,164.163,136012,4
6MOst484piqXpzPPRRe8i5,vice city,XXXTENTACION,0.853,0.467,9,-6.843,0,0.195,0.00596,0.00171,0.203,87.023,220709,4
0KCSJzsQVxkloxoT7dyrqV,The Rumbling [TV Size],SiM,0.408,0.875,8,-1.536,1,0.0546,1.68E-05,0.000101,0.264,144.975,90266,4
1Ov37jtRQ2YNAe8HzfczkL,Wildest Dreams,Taylor Swift,0.583,0.67,8,-7.289,1,0.0646,0.0374,0.0001,0.126,140.061,220433,4
6NHpyYvJyQsg2nXXzGYc2R,Thought You Should Know,Morgan Wallen,0.529,0.695,6,-6.174,1,0.0278,0.488,1.24E-05,0.142,139.993,215572,4
6wyhUr4Xw8z5uSy0AhoZfU,I'M ON ONE (feat. Drake),Future,0.773,0.707,11,-5.71,1,0.0568,0.0103,1.04E-05,0.296,76.977,236187,4
7IBLt4Qarf4JDLxIQDv2O5,D.M.B.,A$AP Rocky,0.727,0.616,8,-8.487,1,0.338,0.542,4.47E-06,0.482,140.014,291612,4
7Bot6AB2dsvZEyqzUL8AUH,I'd Do Anything To Make You Smile,Jack Harlow,0.832,0.522,2,-7.244,1,0.05,0.012,0.079,0.377,150.044,193765,4
3FSwpQ9dBZBeBV6UdYHI2R,712PM,Future,0.711,0.686,5,-6.409,0,0.271,0.0355,0,0.124,146.971,173187,4
7rWCWzPRftzZTZtIyQtaDU,KEEP IT BURNIN (feat. Kanye West),Future,0.652,0.578,0,-6.187,1,0.161,0.00861,0,0.285,87.395,207213,4
0AAVJIN4plafvmNKqRCltG,I'M DAT N****,Future,0.911,0.573,2,-5.573,1,0.163,0.0112,5.83E-05,0.131,144.026,271840,4
4XJRpBOG0bU3Nxnvam3FnC,LOVE YOU BETTER,Future,0.709,0.357,5,-9.289,1,0.214,0.478,0.000294,0.112,75.494,129480,4
7HCX1Ch3mklJyEdpwPZBFW,FOR A NUT (feat. Gunna & Young Thug),Future,0.824,0.667,10,-6.603,0,0.0814,0.00321,2.65E-06,0.0956,82.037,207933,4
2tzgSUZOUKopYbRqQOVT8X,MASSAGING ME,Future,0.916,0.453,1,-4.148,1,0.158,0.000189,0,0.137,145.007,106133,4
1Ijpng3ZLhTRcEd8iqh4p4,GOLD STACKS,Future,0.763,0.526,5,-6.753,0,0.355,0.00937,2.25E-06,0.111,181.856,162333,4
5bLGQqcpsz5ISWeihZfJnR,Are You Entertained (feat. Ed Sheeran),"Russ, Ed Sheeran",0.587,0.61,10,-6.881,0,0.234,0.0402,0,0.167,130.063,156083,4
0N9C80kcgL0xXGduKnYKWi,Love Lost (feat. The Temper Trap),Mac Miller,0.735,0.812,2,-4.417,1,0.151,0.528,0,0.186,109.835,162876,4
4xxeEWGQNFQ6qehlnev5LS,Te Amo Demais,Marília Mendonça,0.713,0.625,0,-3.473,1,0.0268,0.573,0,0.11,114.023,205685,4
3uJFmluXzYedoJcvhpC1AW,Hot Shit (feat. Ye & Lil Durk),Cardi B,0.878,0.685,9,-5.28,1,0.225,0.00152,0,0.0753,157.003,211649,4
00imgaPlYRrMGn9o83hfmk,LOOSE CHANGE,Brent Faiyaz,0.574,0.369,1,-8.931,0,0.0814,0.753,0,0.147,84.975,226011,4
3XgGQ1wjo5khvq2UImjyNF,ALL MINE,Brent Faiyaz,0.617,0.378,9,-8.54,1,0.0315,0.428,9.16E-05,0.11,141.967,216063,4
5QvW5lK6mkfTegpAK9JOO7,Paris to Tokyo (feat. The Kid LAROI),Fivio Foreign,0.642,0.787,5,-6.389,0,0.17,0.0185,0,0.288,146.733,130897,4
3Z7CaxQkqbIs1rewKi6v4W,Hot In It,"Tiësto, Charli XCX",0.748,0.841,7,-5.08,1,0.177,0.00445,1.33E-06,0.0413,123.045,129817,4
7sA2SKTo1QbTSSYn5YvJC4,Sharks,Imagine Dragons,0.927,0.642,10,-4.466,0,0.0657,0.00791,3.62E-05,0.279,123.969,190883,4
6Kfoo60npYPdvNxMPMiDpX,Wrapped Around Your Finger,Post Malone,0.744,0.628,2,-5.435,1,0.0287,0.0493,0,0.317,119.966,193565,4
1NvpO1o8SpkdH3txtJQQc7,Lemon Tree,Post Malone,0.611,0.584,11,-6.897,0,0.0301,0.083,0,0.432,116.106,243486,4
67dU06KGaJHLLlo5Y5bkD2,Reputation,Post Malone,0.314,0.439,2,-5.726,1,0.0311,0.671,0,0.181,180.119,248178,4
2OcSE0EXzgUuqkM1NIJPHJ,Wasting Angels (with The Kid LAROI),Post Malone,0.583,0.43,9,-7.748,1,0.0353,0.801,0,0.0867,84.967,243158,4
4IxeKzzxUSEgivgtbSbyIK,I Cannot Be [A Sadder Song] (with Gunna),Post Malone,0.517,0.668,1,-6.012,1,0.116,0.0712,0,0.407,79.782,169824,4
2meHtZ7N97pJfvTL4hYtfv,Insane,Post Malone,0.645,0.671,10,-7.208,0,0.0459,0.0597,8.00E-06,0.11,82.546,169661,4
6R9c642Hs3tOdLowjYaWt2,Love/Hate Letter To Alcohol (with Fleet Foxes),Post Malone,0.475,0.569,4,-7.073,0,0.0343,0.037,0.00129,0.232,108.007,183816,4
1oc92BMKYkNxK17C2GtyRM,Distraction,Polo G,0.713,0.689,11,-5.99,1,0.255,0.16,0,0.136,156.934,171319,4
5Ja2u1FPlVxrxeMWEa2dcn,When I’m Alone,Post Malone,0.485,0.656,10,-6.121,0,0.0528,0.0346,0,0.155,140.107,195111,4
7JyFwJC3uRpiNfq7oKafgn,Euthanasia,Post Malone,0.301,0.303,4,-12.39,1,0.0458,0.177,0.031,0.0979,141.997,145796,4
4C6Uex2ILwJi9sZXRdmqXp,Super Freaky Girl,Nicki Minaj,0.95,0.891,2,-2.653,1,0.241,0.0645,1.77E-05,0.309,133.01,170977,4
6i1g5ZRmJZAkDwBaUZ3f2i,Caile,Luar La L,0.704,0.756,0,-4.948,1,0.448,0.298,3.75E-06,0.0852,121.737,141340,3
79HZAZNnOE97rb2hnI0XQr,"LOKERA (feat. Lyanno, Brray)",Rauw Alejandro,0.834,0.828,11,-2.657,0,0.0452,0.21,5.91E-06,0.103,102.019,195294,4
2HZLXBOnaSRhXStMLrq9fD,Mary On A Cross,Ghost,0.466,0.9,11,-4.469,1,0.0447,0.000235,0.00104,0.103,130.02,244804,4
2pIUpMhHL6L9Z5lnKxJJr9,Attention,NewJeans,0.811,0.648,10,-3.684,0,0.0368,0.236,0,0.0761,104.988,180067,4
6qyS9qBy0mEk3qYaH8mPss,Murder In My Mind,Kordhell,0.712,0.972,10,-0.514,1,0.112,0.00547,7.06E-05,0.128,119.966,145000,4
0a4MMyCrzT0En247IhqZbD,Hype Boy,NewJeans,0.593,0.935,4,-3.43,0,0.225,0.268,0,0.286,99.976,179027,4
5kpxVMDvYGRmNqawPqDTYR,JGL (feat. Luis R Conriquez),La Adictiva Banda San José de Mesillas,0.702,0.586,8,-5.317,1,0.118,0.55,0,0.27,112.852,158093,4
7DbdUf8aHSYoliSjO6LZv6,"Sex, Drugs, Etc.",Beach Weather,0.572,0.839,4,-5.083,0,0.0377,0.013,0.00976,0.522,143.969,196784,4
4UyVCLbNG8yhrqbzeSmdho,"DON'T YOU WORRY (feat. Shakira, David Guetta)",Black Eyed Peas,0.816,0.874,11,-4.822,1,0.0308,0.201,0,0.209,131.967,196364,4
6tTeRmhhuwDl5Y4UiJdHuO,attention (feat. Justin Bieber),Omah Lay,0.817,0.72,5,-8.134,0,0.0809,0.172,0.000726,0.109,119.989,180563,4
374EllG6WyKdKvklfanNZT,ay! (feat. Lil Wayne),Machine Gun Kelly,0.741,0.616,2,-6.686,1,0.034,0.052,5.86E-05,0.0705,147.008,124188,4
7JIIY2oDPFkURYMCLJuzhe,"Elliot's Song - From ""Euphoria"" An HBO Original Series (feat. Zendaya)",Dominic Fike,0.394,0.327,4,-14.291,1,0.114,0.849,0,0.125,93.358,150320,4
1W1N3usYjgI3XGQA0iX9Vq,Sehnsucht (feat. t-low),Miksu / Macloud,0.804,0.645,6,-7.069,0,0.0773,0.642,0,0.173,142.09,152827,4
5zyZM1EiSqrniyqtprwxpv,Falling Back,Drake,0.718,0.758,10,-8.29,1,0.0703,0.238,0.00653,0.11,118.989,266179,4
7a5fliY9SsZENrQWQBZron,Texts Go Green,Drake,0.765,0.627,0,-4.607,1,0.0622,0.000916,0.195,0.0847,118.997,308820,4
0nAZGkBGKQCXyaoSJfRhC1,A Keeper,Drake,0.6,0.482,1,-11.596,1,0.0701,0.512,0.000104,0.115,121.909,173097,4
7sT7kZEYd1MrmzLLIRVZas,Calling My Name,Drake,0.826,0.276,11,-11.227,0,0.266,0.62,8.53E-05,0.118,123.985,129965,4
7IaeavdRzXYQWfu2Wt5GlU,Currents,Drake,0.883,0.283,0,-12.653,1,0.113,0.104,0.00167,0.0935,122.013,157390,4
23Z3bbYcl1PdcPJemLa4zc,Flight's Booked,Drake,0.593,0.41,3,-13.097,0,0.0531,0.886,0.0993,0.115,122.584,254407,4
5lVmzrKaqPpPYtF7udoiNq,Intro,Drake,0.193,0.0218,0,-31.16,0,0.0389,0.955,0.88,0.117,125.501,36935,3
1MJHXJ8bdoynpEtCLCbkWf,Overdrive,Drake,0.502,0.645,2,-10.611,0,0.122,0.444,0.00964,0.107,109.739,202451,4
5KW4KhJIAbVVSH6pJ4GPkb,Tie That Binds,Drake,0.775,0.688,4,-10.912,0,0.0593,0.0176,0.0917,0.108,120.017,336005,4
0PKpNkxX3FkcfgxCQUXXds,Down Hill,Drake,0.718,0.319,3,-11.261,1,0.0435,0.965,0.00036,0.0895,109.994,250865,4
2vy9Ry1TNjCD85TiCbTz0r,Liability,Drake,0.557,0.706,0,-6.592,1,0.0649,0.268,0,0.132,105.013,237933,4
28n8z9IQKyjMPxmvYMBqZa,The Kind of Love We Make,Luke Combs,0.608,0.745,1,-4.13,1,0.0277,0.0226,6.47E-06,0.0942,102.025,224427,4
0qYW2jULeN9giEty0ee9Fy,Botadinha Saliente,MC Rogerinho,0.985,0.698,0,-2.531,1,0.0341,0.142,0,0.321,119.959,158000,4
1M5OUvKG03C0QtzvxRS4Zk,"Depende (feat. Wesley Safadão, Zé Felipe)",Dj Guuga,0.886,0.909,2,-1.84,0,0.0642,0.125,0,0.0755,130.027,156923,4
3ITkrUvAA6gzxer2UIom3P,Molhando o Volante,Jorge & Mateus,0.772,0.647,10,-5.404,1,0.0758,0.707,0,0.113,130.183,162539,5
7BKLCZ1jbUBVqRi2FVlTVw,Closer (feat. Halsey),The Chainsmokers,0.748,0.524,8,-5.599,1,0.0338,0.414,0,0.111,95.01,244960,4
3XYRV7ZSHqIRDG87DKTtry,Permission to Dance,BTS,0.702,0.741,9,-5.33,1,0.0427,0.00544,0,0.337,124.925,187585,4
6krYS8KtmNAYyb5uTZiYW4,Dawn FM,The Weeknd,0.28,0.478,9,-8.755,0,0.037,0.674,5.85E-05,0.483,111.65,96240,4
5XbA7TAqsD0fj0dGBrbb0D,I Heard You’re Married (feat. Lil Wayne),The Weeknd,0.736,0.848,9,-5.494,0,0.171,0.103,0,0.299,109.946,263642,4
6zzdyvVWjGrQBraSvuqJPY,Starry Eyes,The Weeknd,0.309,0.418,9,-8.622,0,0.031,0.465,7.58E-05,0.295,134.23,148000,4
759ndr57jb0URg4j9YSWml,A Tale By Quincy,The Weeknd,0.447,0.513,5,-8.67,0,0.127,0.679,2.98E-05,0.096,67.289,96232,3
6a4GH1gljLL7VvmO9u5O92,Don’t Break My Heart,The Weeknd,0.767,0.618,10,-7.163,1,0.032,0.31,0,0.179,121.959,205469,4
3vJcz8exedHCjQ9ed95NqU,Every Angel is Terrifying,The Weeknd,0.447,0.959,0,-5.59,1,0.348,0.109,2.75E-05,0.0498,118.167,167256,4
1NlK2NtpuUazpziLhnJwEV,Phantom Regret by Jim,The Weeknd,0.394,0.519,9,-11.042,0,0.0465,0.75,0.195,0.129,110.113,179580,4
3XLbDUB5BX2WqL2qoAsvtb,thought i was playing (feat. 21 Savage),Gunna,0.679,0.73,1,-7.483,1,0.0689,0.00421,0,0.0736,148.038,167840,4
6gPPoRYJwCsoB2VVdPJfmo,Miserable Man,David Kushner,0.632,0.349,10,-10.289,1,0.0346,0.926,7.50E-05,0.294,109.981,232992,4
0boodYr1uIpSVmGSP65Fmk,25k jacket (feat. Lil Baby),Gunna,0.903,0.537,5,-6.854,0,0.283,0.16,0,0.129,115.013,120000,4
2iCDO8ePNuCvMiMFc0FQdA,alotta cake,Gunna,0.895,0.543,11,-6.766,0,0.298,0.181,0,0.12,120.078,193987,4
2ZGEjmwyeZ3rpEezkZwqOP,mop (feat. Young Thug),Gunna,0.878,0.575,9,-8.732,1,0.284,0.00293,0,0.273,144.918,185213,4
6M3PsepEj5gyJoIi7Xvr7u,Take My Breath - Single Version,The Weeknd,0.747,0.739,8,-6.008,1,0.0487,0.0106,2.22E-05,0.101,120.996,220196,4
0lJE8f0lx8mUSfMyxeYpiC,Bar (feat. L-Gante),TINI,0.523,0.691,1,-3.802,1,0.0833,0.133,0,0.327,94.148,160213,4
0So2sgVa8aJiARPl2P29u2,Pope Is a Rockstar,SALES,0.725,0.446,4,-8.958,0,0.0287,0.85,0.243,0.107,90.024,187333,4
1TUuhV75FeOF6UObRsABo2,Don't Think Jesus,Morgan Wallen,0.578,0.431,2,-7.034,1,0.0269,0.469,0,0.137,116.979,226975,3
3GbQcjKWT7eVpUfzqwUjxv,Late To Da Party [F*CK BET] (feat. YoungBoy Never Broke Again),Lil Nas X,0.872,0.422,1,-7.415,0,0.363,0.0254,0,0.109,149.956,180666,4
7My9ca9QEIR8MvIOdIrTWA,From The D 2 The LBC (with Snoop Dogg),Eminem,0.73,0.785,9,-7.986,0,0.243,0.105,0,0.0445,82.037,215120,4
4axSuOg3BqsowKjRpj59RU,Carolina - From The Motion Picture “Where The Crawdads Sing”,Taylor Swift,0.476,0.189,11,-13.777,0,0.0329,0.904,4.52E-06,0.254,115.851,264439,4
